prohibit	0
sight-seeing	0
buses	0
from	0
using	0
bus	0
lanes	0
between	TEMPORAL
the	0
hours	0
of	0
7:00	TEMPORAL
a.m.	TEMPORAL
and	0
10:00	0
a.m.	TEMPORAL
and	0
between	TEMPORAL
the	0
hours	0
of	0
4:00	TEMPORAL
p.m.	TEMPORAL
7:00	TEMPORAL
p.m.	TEMPORAL
on	0
weekdays	TEMPORAL
.	TEMPORAL
In	0
addition	0
,	TEMPORAL
this	0
bill	0
would	0
prohibit	0
the	0
Department	0
of	0
Transportation	0
from	0
authorizing	0
any	0
sight-seeing	0
bus	0
stops	0
in	0
bus	0
lanes	0
that	0
would	0
be	TEMPORAL
used	0
during	0
those	0
hours	0
.	TEMPORAL
''	0
