Details	0
such	0
as	0
cornices	0
,	SPATIAL
eaves	0
,	SPATIAL
bases	0
,	SPATIAL
sills	0
,	SPATIAL
headers	0
,	SPATIAL
band	0
course	0
,	SPATIAL
opening	0
frames	0
,	SPATIAL
rustications	0
,	SPATIAL
applied	0
ornament	0
or	0
sculpture	0
,	SPATIAL
grilles	0
,	SPATIAL
windows	0
when	COND
fully	0
open	0
,	SPATIAL
air	0
conditioning	0
units	0
,	SPATIAL
and	0
other	0
similar	0
elements	0
may	0
be	0
constructed	0
:	0
1	SPATIAL
.	0
To	0
project	0
not	0
more	COMP
than	0
4	SPATIAL
inches	SPATIAL
-LRB-	0
102	0
mm	0
-RRB-	0
beyond	0
the	0
street	0
line	0
when	COND
less	COND
than	0
10	SPATIAL
feet	SPATIAL
-LRB-	0
3048	0
mm	0
-RRB-	0
above	SPATIAL
the	0
ground	SPATIAL
or	0
sidewalk	SPATIAL
level	SPATIAL
.	0
