Trees	0
or	AGGR
bushes	0
greater	COMP
than	COMP
fifteen	0
feet	SPATIAL
in	0
height	0
growing	0
in	0
or	AGGR
upon	0
any	0
premises	0
or	AGGR
sidewalk	0
shall	0
be	0
deemed	0
to	0
interfere	0
with	0
and	AGGR
obstruct	0
the	0
free	0
passage	0
of	0
pedestrians	0
or	AGGR
vehicles	0
upon	0
said	0
streets	0
and	AGGR
sidewalks	0
within	0
the	0
meaning	0
of	0
this	0
section	0
unless	0
the	0
lower	0
limbs	0
,	0
twigs	0
or	AGGR
leaves	0
of	0
such	0
trees	0
or	AGGR
bushes	0
are	0
kept	0
removed	0
at	COMP
all	0
times	0
so	0
as	0
to	0
have	0
a	0
minimum	0
clearance	0
of	0
:	0
2	0
.	0
11	0
feet	SPATIAL
over	SPATIAL
that	0
portion	0
of	0
local	0
streets	0
improved	0
,	0
designed	0
,	0
or	AGGR
ordinarily	0
used	0
for	0
vehicular	0
traffic	0
;	0
