Walls	0
associated	0
with	0
conditioned	0
basements	0
shall	0
be	0
insulated	0
from	0
the	0
top	SPATIAL
of	0
the	0
basement	0
walldown	0
to	SPATIAL
10	SPATIAL
feet	SPATIAL
-LRB-	0
3048	0
mm	0
-RRB-	0
below	0
grade	0
or	AGGR
to	SPATIAL
the	0
basement	0
floor	0
,	0
whichever	COMP
is	COMP
less	0
.	0
Walls	0
associated	0
with	0
unconditioned	0
basements	0
shall	0
meet	0
this	0
requirement	0
unless	COND
the	0
floor	0
overhead	0
is	COMP
insulated	0
in	0
accordance	0
with	0
Sections	0
R402	0
.1.2	0
and	0
R402	0
.2.8	0
