The	0
trees	0
shall	0
be	COMP
planted	0
to	0
conform	0
to	0
the	0
following	0
requirements	0
:	0
-LRB-	0
d	AGGR
-RRB-	0
On	0
Massachusetts	0
Avenue	0
,	0
trees	0
shall	0
be	COMP
planted	0
forty	0
feet	SPATIAL
-LRB-	0
40	SPATIAL
'	0
-RRB-	0
apart	COMP
with	0
the	0
second	0
row	0
of	0
trees	0
set	COMP
back	COMP
twenty	0
feet	SPATIAL
-LRB-	0
20	SPATIAL
'	0
-RRB-	0
from	COMP
the	0
curb	0
and	AGGR
staggered	0
at	0
even	0
forty	0
feet	SPATIAL
-LRB-	0
40	SPATIAL
'	0
-RRB-	0
intervals	0
between	COMP
curb	0
trees	0
;	0
