Natural	0
ventilation	0
shall	0
be	0
provided	0
by	0
openings	0
to	0
a	0
public	0
street	0
,	0
space	0
,	0
alley	0
,	0
park	0
,	0
highway	0
,	0
or	AGGR
right-of-way	0
;	0
or	AGGR
upon	0
a	0
yard	0
,	0
court	0
,	0
plaza	0
,	0
or	AGGR
space	0
above	0
a	0
setback	SPATIAL
where	COND
such	0
yard	0
,	0
court	0
,	0
plaza	0
,	0
or	AGGR
space	0
above	0
a	0
setback	SPATIAL
complies	0
with	0
Section	0
1206	0
.	0
No	0
suchopening	0
shall	0
be	0
on	COND
a	0
recess	0
of	0
less	COMP
than	COMP
6	SPATIAL
feet	SPATIAL
-LRB-	0
1829	0
mm	0
-RRB-	0
inwidth.Exceptions	0
:	0
2	0
.	0
A	0
kitchenette	0
,	0
a	0
bathroom	0
,	0
or	AGGR
a	0
water	0
closet	0
compartment	0
may	0
be	0
located	0
on	COND
a	0
recess	0
of	0
less	COMP
than	COMP
6	SPATIAL
feet	SPATIAL
-LRB-	0
1829	0
mm	0
-RRB-	0
in	0
width	0
