Flagpoles	0
that	COND
are	0
supported	0
entirely	0
from	0
the	SPATIAL
building	0
may	0
be	SPATIAL
constructed	0
to	0
project	SPATIAL
not	COMP
more	COMP
than	COMP
18	SPATIAL
feet	SPATIAL
-LRB-	0
5486	0
mm	0
-RRB-	0
beyond	SPATIAL
the	SPATIAL
street	SPATIAL
line	SPATIAL
,	0
but	AGGR
not	COMP
closer	COMP
than	COMP
2	SPATIAL
feet	SPATIAL
-LRB-	0
610	0
mm	0
-RRB-	0
to	0
the	SPATIAL
curb	0
line	SPATIAL
,	0
provided	COND
that	COND
no	COMP
part	0
of	0
the	SPATIAL
flagpole	0
is	0
less	COMP
than	COMP
15	SPATIAL
feet	SPATIAL
-LRB-	0
4572	0
mm	0
-RRB-	0
above	SPATIAL
the	SPATIAL
ground	SPATIAL
or	0
sidewalk	SPATIAL
level	SPATIAL
.	0
