When	COND
a	0
building	TEMPORAL
erected	TEMPORAL
prior	TEMPORAL
to	TEMPORAL
December	TEMPORAL
6	TEMPORAL
,	0
1969	TEMPORAL
,	0
is	TEMPORAL
altered	0
to	TEMPORAL
provide	0
access	0
to	TEMPORAL
individuals	0
who	0
use	0
wheelchairs	0
,	0
ramps	0
constructed	0
to	TEMPORAL
provide	0
such	0
access	0
may	0
,	0
with	0
the	0
approval	0
of	0
the	0
commissioner	0
,	0
project	SPATIAL
beyond	COMP
the	0
street	0
line	0
for	0
a	0
distance	0
of	0
not	0
more	0
than	0
44	SPATIAL
inches	SPATIAL
-LRB-	0
1118	0
mm	0
-RRB-	0
.	0
Ramps	0
shall	0
comply	0
with	0
the	0
applicable	0
provisions	0
of	0
Chapter	0
11	0
.	0
