No	0
part	0
of	0
any	0
room	0
shall	0
be	0
more	COMP
than	COMP
30	SPATIAL
feet	SPATIAL
-LRB-	0
9144	0
mm	0
-RRB-	0
from	0
a	0
window	0
opening	0
onto	0
a	0
street	0
or	0
yard	0
unless	COND
such	0
room	0
also	COMP
opens	0
onto	0
a	0
court	0
complying	0
with	0
Section	0
1206	0
.	0
Exception	COND
:	0
In	0
dwelling	0
units	0
containing	0
more	COMP
than	COMP
three	0
habitable	0
rooms	0
in	0
Group	0
R-1	SPATIAL
or	0
R-2	SPATIAL
occupancies	SPATIAL
in	0
buildings	0
of	0
Type	SPATIAL
I	SPATIAL
or	0
II	0
construction	SPATIAL
,	0
rooms	0
may	0
be	0
greater	COMP
than	COMP
30	SPATIAL
feet	SPATIAL
-LRB-	0
9144	0
mm	0
-RRB-	0
in	0
depth	0
provided	COND
that	COND
all	0
other	0
requirements	0
of	0
Section	0
1203.4.1.2	0
are	0
met	0
and	AGGR
that	COND
the	0
required	0
windows	0
are	0
so	COMP
located	0
as	0
to	0
properly	0
light	0
all	0
portions	0
of	0
the	0
room	0
in	0
accordance	0
with	0
Section	0
1205	0
