``	0
Exhaust	0
ducts	0
shall	COMP
be	COMP
supported	0
at	0
intervals	0
not	COMP
to	COMP
exceed	COMP
4	0
feet	0
-LRB-	0
1219	0
mm	0
-RRB-	0
and	AGGR
shall	COMP
be	COMP
secured	0
in	0
place	0
.	0
The	0
insert	0
end	0
of	0
the	0
duct	SPATIAL
shall	COMP
extend	0
into	0
the	0
adjoining	0
duct	SPATIAL
or	COMP
fitting	0
in	0
the	0
direction	0
of	0
airflow	0
.	0
Exhaust	0
duct	SPATIAL
joints	0
shall	COMP
be	COMP
sealed	0
in	0
accordance	0
with	0
Section	0
M1601	0
.4.1	0
and	AGGR
shall	COMP
be	COMP
mechanically	0
fastened	0
.	0
Ducts	0
shall	COMP
not	COMP
be	COMP
joined	0
with	0
screws	0
or	COMP
similar	0
fasteners	0
that	0
protrude	0
more	COMP
than	COMP
1/8	0
inch	0
-LRB-	0
3.2	0
mm	0
-RRB-	0
into	0
the	0
inside	0
of	0
the	0
duct	SPATIAL
.	0
''	0
