No	0
person	0
owning	0
,	SPATIAL
leasing	0
,	SPATIAL
occupying	0
,	SPATIAL
having	0
charge	0
or	0
control	0
of	0
any	SPATIAL
lot	SPATIAL
or	0
premises	SPATIAL
,	SPATIAL
shall	0
allow	0
,	SPATIAL
keep	0
or	0
maintain	0
any	SPATIAL
tree	SPATIAL
,	SPATIAL
bush	0
or	0
vegetation	0
growing	0
upon	SPATIAL
any	SPATIAL
lot	SPATIAL
or	0
premises	SPATIAL
abutting	SPATIAL
any	SPATIAL
street	SPATIAL
or	0
sidewalk	SPATIAL
or	0
upon	SPATIAL
any	SPATIAL
street	SPATIAL
or	0
sidewalk	SPATIAL
so	0
that	0
the	SPATIAL
limbs	0
,	SPATIAL
twigs	0
,	SPATIAL
leaves	0
or	0
parts	0
of	0
such	0
tree	SPATIAL
,	SPATIAL
bush	0
or	0
vegetation	0
interfere	0
with	0
or	0
obstruct	SPATIAL
the	SPATIAL
free	SPATIAL
passage	SPATIAL
of	0
pedestrians	0
or	0
vehicles	0
along	0
or	0
upon	SPATIAL
said	0
streets	0
or	0
sidewalks	0
.	0
