``	0
-LSB-	0
The	0
Mayor	0
-RSB-	0
Shall	0
establish	0
and	AGGR
maintain	0
a	0
low-emissions	0
vehicle	0
program	0
by	0
adopting	0
California	0
emissions	0
standards	0
and	AGGR
compliance	0
requirements	0
applicable	0
to	0
vehicles	0
of	0
model	0
year	0
2012	0
,	0
and	AGGR
each	0
model	0
year	0
thereafter	0
,	0
pursuant	0
to	0
section	0
177	0
of	0
the	0
Clean	0
Air	0
Act	0
,	0
approved	0
August	0
7	0
,	0
1977	0
-LRB-	0
91	0
Stat	0
.	0
750	0
;	0
42	0
U.S.C.	0
§	0
7507	0
-RRB-	0
''	0
