The	0
design	0
of	0
a	0
driveway	0
shall	0
fulfill	0
the	0
following	0
requirements	0
:	0
-LRB-	0
d	0
-RRB-	0
There	0
must	0
be	COMP
a	0
minimum	COMP
six	0
feet	SPATIAL
-LRB-	0
6	SPATIAL
'	0
-RRB-	0
wide	0
pedestrian	0
safety	0
island	0
between	COMP
two	0
driveways	0
that	0
are	0
more	COMP
than	COMP
twenty	0
four	0
feet	SPATIAL
-LRB-	0
24	SPATIAL
'	0
-RRB-	0
wide	0
.	0
This	0
pedestrian	0
island	0
shall	0
match	COMP
the	0
same	0
material	0
used	0
for	0
the	0
sidewalk	0
.	0
It	0
shall	0
have	0
a	0
three	0
feet	SPATIAL
-LRB-	0
3	SPATIAL
'	0
-RRB-	0
radius	0
at	COMP
the	0
curb	0
of	0
the	0
street	0
;	0
