In	0
case	0
of	0
fire	0
,	0
accident	0
,	0
or	0
any	0
emergency	0
along	0
the	0
route	0
of	0
a	0
vehicular	0
funeral	0
procession	0
,	0
any	0
officer	0
of	0
the	0
Police	0
Department	0
or	0
member	0
of	0
the	0
Fire	0
Department	0
is	0
hereby	0
authorized	0
to	0
divert	0
the	0
funeral	0
procession	0
around	0
such	0
fire	0
,	0
accident	0
or	0
other	0
emergency	0
,	0
the	0
provisions	0
of	0
Section	0
391	0
of	0
this	0
Article	0
notwithstanding	0
.	0
The	0
permittee	0
shall	0
immediately	0
cease	0
all	0
efforts	0
to	0
direct	0
traffic	0
when	0
directed	0
to	0
do	0
so	0
by	0
such	0
police	0
officer	0
or	0
firefighter	0
and	0
shall	0
not	0
resume	0
efforts	0
to	0
direct	0
traffic	0
along	0
the	0
route	0
of	0
the	0
vehicular	0
funeral	0
procession	0
until	0
authorized	0
to	0
do	0
so	0
by	0
such	0
police	0
officer	0
or	0
firefighter	0
.	0
''	0
