``	0
No	0
building	SPATIAL
shall	COMP
be	COMP
erected	0
,	0
altered	0
,	0
or	AGGR
raised	0
in	SPATIAL
the	0
District	0
of	0
Columbia	0
in	SPATIAL
any	0
manner	0
so	0
as	COMP
to	COMP
exceed	COMP
in	SPATIAL
height	0
above	0
the	0
sidewalk	0
the	0
width	0
of	0
the	0
street	0
,	0
avenue	0
,	0
or	AGGR
highway	0
in	SPATIAL
its	0
front	0
,	0
increased	0
by	0
20	0
feet	0
;	0
but	0
where	COND
a	0
building	SPATIAL
or	AGGR
proposed	0
building	SPATIAL
confronts	0
a	0
public	0
space	0
or	AGGR
reservation	0
formed	0
at	COMP
the	0
intersection	0
of	0
2	0
or	AGGR
more	0
streets	0
,	0
avenues	0
,	0
or	AGGR
highways	0
,	0
the	0
course	0
of	0
which	0
is	0
not	0
interrupted	0
by	0
said	0
public	0
space	0
or	AGGR
reservation	0
,	0
the	0
limit	0
of	0
height	0
of	0
the	0
building	SPATIAL
shall	COMP
be	COMP
determined	0
from	0
the	0
width	0
of	0
the	0
widest	0
street	0
,	0
avenue	0
,	0
or	AGGR
highway	0
.	0
Where	0
a	0
building	SPATIAL
is	0
to	COMP
be	COMP
erected	0
or	AGGR
removed	0
from	0
all	COMP
points	0
within	0
the	0
boundary	0
lines	0
of	0
its	0
own	0
lots	0
,	0
as	COMP
recorded	0
,	0
by	0
a	0
distance	0
at	COMP
least	COMP
equal	COMP
to	COMP
its	0
proposed	0
height	0
above	0
grade	0
the	0
limits	0
of	0
height	0
for	0
fireproof	0
or	AGGR
noncombustible	0
buildings	0
in	SPATIAL
residence	0
sections	0
shall	COMP
control	0
,	0
the	0
measurements	0
to	COMP
be	COMP
taken	0
from	0
the	0
natural	0
grades	0
at	COMP
the	0
buildings	0
as	COMP
determined	0
by	0
the	0
Mayor	0
of	0
the	0
District	0
of	0
Columbia	0
.	0
''	0
