After	0
the	0
effective	TEMPORAL
time	TEMPORAL
of	TEMPORAL
the	0
prohibition	TEMPORAL
,	0
no	0
person	0
shall	0
park	0
any	COND
vehicle	0
or	0
permit	0
any	COND
vehicle	0
to	COMP
remain	0
parked	0
on	TEMPORAL
a	0
Snow	SPATIAL
Emergency	SPATIAL
Route	SPATIAL
;	0
Provided	0
,	0
that	COND
if	COND
a	0
fall	0
of	TEMPORAL
snow	0
,	0
sleet	0
,	0
or	0
freezing	0
rain	0
occurs	0
after	COMP
11:30	0
p.m.	0
,	0
and	AGGR
prior	COMP
to	COMP
7:00	TEMPORAL
a.m.	0
,	0
and	AGGR
the	0
Director	0
has	0
not	COND
announced	0
,	0
prior	COMP
to	COMP
11:30	0
p.m.	0
,	0
that	COND
parking	0
on	TEMPORAL
Snow	SPATIAL
Emergency	SPATIAL
Routes	0
is	0
prohibited	0
after	COMP
a	0
specified	0
time	TEMPORAL
,	0
a	0
vehicle	0
parked	0
on	TEMPORAL
a	0
Snow	SPATIAL
Emergency	SPATIAL
Route	SPATIAL
may	0
remain	0
so	0
parked	0
until	COMP
7:00	TEMPORAL
a.m	0
