No	0
person	0
shall	0
make	0
,	0
continue	0
or	0
cause	0
or	0
perit	0
to	0
be	0
made	0
or	0
continued	0
any	0
unreasonable	0
noise	0
-LSB-	0
,	0
except	COND
that	0
this	0
section	0
shall	0
not	0
apply	0
to	0
any	0
sound	0
from	0
any	0
source	0
where	COND
the	COND
decibel	0
level	0
of	0
such	0
sound	0
is	0
within	COMP
the	COND
limits	0
prescribed	0
by	0
another	0
section	0
of	0
this	0
title	0
and	AGGR
where	COND
there	0
is	0
compliance	0
with	COMP
all	0
other	COND
applicable	0
requirements	0
of	0
aw	0
with	COMP
respect	0
to	0
such	0
sound	0
-RSB-	0
.	0
-LRB-	0
b	0
-RRB-	0
Unreasonable	0
noise	0
shall	0
include	AGGR
but	AGGR
shall	0
not	0
be	0
limited	0
to	0
sound	0
,	0
attributable	0
to	0
any	0
device	0
that	0
exceeds	COMP
the	COND
following	0
prohibited	0
noise	0
levels	0
:	0
-LRB-	0
3	0
-RRB-	0
Impulsive	0
sound	0
,	0
attributable	0
to	0
the	COND
source	0
,	0
measured	0
at	0
a	0
level	0
of	0
15	SPATIAL
dB	0
-LRB-	0
A	SPATIAL
-RRB-	0
or	0
more	COMP
above	COMP
the	COND
ambient	0
sound	0
level	0
,	0
as	0
measured	0
at	0
any	0
point	0
within	COMP
a	0
receiving	0
property	0
or	0
as	0
measured	0
at	0
a	0
distance	0
of	0
15	SPATIAL
feet	SPATIAL
or	0
more	COMP
from	0
the	COND
source	0
on	0
a	0
public	0
right-of-way	0
.	0
Impulsive	0
sound	0
levels	0
shall	0
be	0
measured	0
in	0
the	COND
A-weighting	0
network	0
with	COMP
the	COND
sound	0
level	0
meter	0
set	0
to	0
fast	0
response	0
.	0
The	0
ambient	0
ound	0
level	0
shall	0
be	0
taken	0
in	0
the	COND
A-weighting	0
network	0
with	COMP
the	COND
sound	0
level	0
meter	0
set	0
to	0
slow	0
response	0
