Windows	0
,	0
skylights	0
and	AGGR
sliding	0
glass	0
doors	0
shall	0
have	0
an	0
air	0
infiltration	0
rate	0
of	0
no	COMP
more	COMP
than	COMP
0.3	SPATIAL
cfm	SPATIAL
per	SPATIAL
square	SPATIAL
foot	SPATIAL
-LRB-	0
1.5	0
L/s/m2	0
-RRB-	0
,	0
and	AGGR
swinging	0
doors	0
no	COMP
more	COMP
than	COMP
0.5	SPATIAL
cfm	SPATIAL
per	SPATIAL
square	SPATIAL
foot	SPATIAL
-LRB-	0
2.6	0
L/s/m2	0
-RRB-	0
,	0
when	COND
tested	COND
according	COND
to	COND
NFRC	0
400	0
or	0
AAMA/WDMA/CSA	0
101/I	0
.	SPATIAL
S.	0
2/A440	0
by	0
an	0
accredited	0
,	0
independent	0
laboratory	0
and	AGGR
listed	0
and	AGGR
labeledby	0
the	0
manufacturer.Exception	0
:	0
Site-built	0
windows	0
,	0
skylights	0
and	AGGR
doors	0
