``	0
Except	0
as	0
stated	0
in	SPATIAL
the	0
next	0
paragraph	0
,	0
an	0
approved	0
air	0
replenishment	0
system	0
shall	COMP
be	COMP
installed	0
in	SPATIAL
all	0
buildings	SPATIAL
having	SPATIAL
floors	SPATIAL
used	SPATIAL
for	SPATIAL
human	SPATIAL
occupancy	SPATIAL
located	0
more	COMP
than	COMP
75	SPATIAL
feet	SPATIAL
-LRB-	0
22,860	0
mm	0
-RRB-	0
above	SPATIAL
the	0
lowest	0
level	0
of	0
Fire	0
Department	0
vehicle	0
access	0
.	0
This	0
requirement	0
shall	COMP
apply	COMP
for	SPATIAL
all	0
buildings	SPATIAL
meeting	0
this	0
definition	0
when	0
the	0
building	SPATIAL
permit	0
application	0
for	SPATIAL
construction	0
was	0
made	0
after	0
March	0
30	0
,	0
2004	0
.	0
''	0
