LA	0
Sec	0
112.06	0
It	0
shall	0
be	0
unlawful	0
for	0
any	0
person	0
to	0
operate	0
,	AGGR
play	0
,	AGGR
or	AGGR
to	0
permit	0
the	0
operation	0
or	AGGR
playing	0
of	SPATIAL
any	0
radio	0
,	AGGR
television	0
receiver	0
,	AGGR
phonograph	0
,	AGGR
musical	0
instrument	0
,	AGGR
sound	0
amplifying	0
equipment	0
,	AGGR
or	AGGR
similar	0
device	0
which	0
produces	0
,	AGGR
reproduces	0
,	AGGR
or	AGGR
amplifies	0
sound	0
in	0
any	0
place	SPATIAL
of	SPATIAL
public	SPATIAL
entertainment	SPATIAL
at	TEMPORAL
a	0
sound	0
level	0
greater	0
than	0
95dB	0
-LRB-	0
A	0
-RRB-	0
at	TEMPORAL
any	0
point	TEMPORAL
that	0
is	0
normally	0
occupied	0
by	0
a	0
customer	0
,	AGGR
unless	AGGR
a	0
conspicuous	0
and	0
legible	0
sign	0
is	0
located	0
outside	0
such	0
place	SPATIAL
,	AGGR
near	0
each	0
public	SPATIAL
entrance	0
,	AGGR
stating	0
:	0
