All	COND
habitable	0
spaces	0
shall	0
be	0
provided	COND
with	0
natural	0
ventilation	0
in	0
accordance	0
with	0
Section	0
1203.4.1.2	0
.	0
Openings	0
providing	0
required	0
natural	0
ventilation	0
to	0
habitable	0
spaces	0
shall	0
be	0
windows	0
and/or	AGGR
glazed	0
doors.Exception	0
:	0
R-3	SPATIAL
occupancies	SPATIAL
.	0
Openable	0
skylights	0
opening	0
directly	0
to	0
the	0
outer	0
air	0
,	0
transparent	0
or	AGGR
translucent	0
panels	0
,	0
or	AGGR
other	0
natural	0
light-transmitting	0
media	0
may	0
be	0
substituted	0
for	0
window	0
openings	0
in	0
R-3	SPATIAL
occupancies	SPATIAL
provided	COND
that	COND
they	0
meet	0
the	0
minimum	0
dimensional	0
requirements	0
of	0
Section	0
1203.4.1.2.1	0
.	0
