When	0
stopping	0
to	0
load	0
and	AGGR
unload	0
school	0
children	0
along	COMP
the	0
roadway	0
,	0
a	0
school	0
bus	0
driver	0
shall	0
pull	0
as	COMP
far	COMP
to	0
the	0
right	0
as	COMP
is	COMP
safe	COMP
,	0
at	0
a	0
place	0
on	0
the	0
roadway	0
where	0
there	0
is	COMP
three	0
hundred	0
feet	SPATIAL
-LRB-	0
300	SPATIAL
ft.	0
-RRB-	0
or	COMP
more	COMP
of	0
clear	0
sight	0
distance	0
to	0
the	0
front	0
and	AGGR
rear	0
,	0
and	AGGR
stop	0
only	COND
for	0
such	0
time	0
as	COMP
is	COMP
actually	0
necessary	0
to	0
take	0
on	0
or	COMP
discharge	0
passengers	0
.	0
