Store	0
front	0
awnings	0
may	0
project	SPATIAL
beyond	COMP
the	SPATIAL
street	0
line	0
not	COMP
more	COMP
than	COMP
8	SPATIAL
feet	SPATIAL
-LRB-	0
2438	0
mm	0
-RRB-	0
,	0
provided	COND
no	COMP
part	0
of	0
the	SPATIAL
awning	0
is	0
less	COMP
than	COMP
8	SPATIAL
feet	SPATIAL
-LRB-	0
2438	0
mm	0
-RRB-	0
above	SPATIAL
the	SPATIAL
ground	SPATIAL
or	0
sidewalk	SPATIAL
level	SPATIAL
,	0
except	COND
for	0
a	0
flexible	0
valance	0
which	0
may	0
be	COMP
not	COMP
less	COMP
than	COMP
7	SPATIAL
feet	SPATIAL
-LRB-	0
2134	0
mm	0
-RRB-	0
above	SPATIAL
the	SPATIAL
ground	SPATIAL
or	0
sidewalk	SPATIAL
level	SPATIAL
,	0
and	0
provided	COND
that	COND
the	SPATIAL
awning	0
box	0
or	0
cover	0
does	0
not	COMP
project	SPATIAL
more	COMP
than	COMP
12	SPATIAL
inches	SPATIAL
-LRB-	0
305	0
mm	0
-RRB-	0
