``	0
The	0
operation	0
of	0
a	0
vehicle	0
with	0
gross	0
weight	0
in	SPATIAL
excess	0
of	0
6,000	0
pounds	0
on	SPATIAL
the	0
Streets	0
listed	SPATIAL
in	SPATIAL
Section	0
501	SPATIAL
-LRB-	0
b	SPATIAL
-RRB-	0
,	SPATIAL
or	AGGR
the	0
operation	0
of	0
a	0
vehicle	0
with	0
unladen	0
weight	0
in	SPATIAL
excess	0
of	0
18,000	0
pounds	0
on	SPATIAL
any	0
Street	0
listed	SPATIAL
in	SPATIAL
Section	0
501	SPATIAL
-LRB-	0
c	SPATIAL
-RRB-	0
is	SPATIAL
a	0
violation	0
of	0
Division	0
I	0
,	SPATIAL
Section	0
7.2.77	0
''	0
