No	0
passenger	0
vehicle	0
shall	0
be	COMP
operated	0
on	COMP
any	0
public	0
District	0
highway	0
,	COMP
street	0
,	COMP
or	AGGR
road	0
with	0
any	0
load	0
carried	0
on	COMP
the	0
vehicle	0
extending	0
laterally	0
beyond	COMP
the	0
line	0
of	0
the	0
fenders	0
on	COMP
the	0
left	0
side	0
of	0
the	0
vehicle	0
or	AGGR
extending	0
laterally	0
more	0
than	0
six	0
inches	SPATIAL
-LRB-	0
6	SPATIAL
in	SPATIAL
.	0
-RRB-	0
beyond	COMP
the	0
line	0
of	0
the	0
fenders	0
on	COMP
the	0
right	0
side	0
.	0
