Except	0
for	0
person	0
engaged	0
in	0
the	0
noise-producing	0
activities	0
that	0
are	0
subject	0
§	0
§	0
2702	0
through	0
2704	0
,	0
and	AGGR
§	0
§	0
2800	0
through	0
2807	0
of	0
this	0
subtitle	0
,	0
no	COND
person	0
shall	0
cause	0
,	0
suffer	0
,	0
or	AGGR
permit	0
any	COND
sound	0
that	0
emanates	0
from	0
an	0
operation	0
,	0
activity	0
,	0
or	AGGR
noise	0
source	0
under	0
his	0
or	AGGR
her	0
control	0
to	0
exceed	COMP
the	0
maximum	COMP
permissible	0
sound	0
level	0
established	0
in	0
the	0
following	0
table	0
as	COMP
applicable	0
for	0
the	0
time	TEMPORAL
of	0
day	0
or	AGGR
night	0
and	AGGR
the	0
zoning	0
location	0
where	0
the	0
noise	0
originates	0
.	0
For	0
the	0
purposes	0
of	0
this	0
subsection	0
,	0
the	0
source	0
level	0
shall	0
be	0
measured	0
at	SPATIAL
the	0
property	0
line	0
of	0
the	0
property	0
on	SPATIAL
which	0
the	0
noise	0
source	0
is	0
located	0
or	AGGR
as	COMP
close	COMP
as	COMP
is	0
practicable	COMP
if	0
there	0
is	0
an	0
obstruction	0
.	0
Sound	0
levels	0
shall	0
be	0
measured	0
according	0
to	0
the	0
test	0
procedures	0
prescribed	0
by	0
the	0
administering	0
agency	0
established	0
under	0
§	0
2700	0
:	0
ZONE	0
:	0
Residenttial	0
,	0
special	SPATIAL
purpose	SPATIAL
,	0
or	AGGR
waterfront	SPATIAL
zone	SPATIAL
-	0
Maximum	0
Noise	0
Level	0
:	0
Daytime	TEMPORAL
=	0
60	SPATIAL
dB	SPATIAL
-LRB-	0
A	SPATIAL
-RRB-	0
,	0
Nighttime	TEMPORAL
=	0
55	SPATIAL
dB	SPATIAL
-LRB-	0
A	SPATIAL
-RRB-	0
