Interior	0
spaces	0
intended	0
for	0
human	0
occupancy	0
that	0
are	0
provided	0
with	0
air	0
conditioning	0
shall	0
be	0
provided	0
with	0
active	0
or	AGGR
passive	0
systems	0
that	0
are	0
capable	0
of	0
maintaining	0
78	SPATIAL
°F	0
-LRB-	0
26	0
°C	0
-RRB-	0
at	SPATIAL
50-percent	0
relative	SPATIAL
humidity	SPATIAL
when	COND
the	0
outdoor	0
air	0
temperature	0
is	0
89	SPATIAL
°F	0
-LRB-	0
32	0
°C	0
-RRB-	0
and	AGGR
the	0
coincident	0
wet	0
bulb	0
temperature	0
is	0
73	SPATIAL
°F	0
-LRB-	0
23	0
°C	0
-RRB-	0
.	0
Interior	0
spaces	0
without	0
air	0
conditioning	0
shall	0
be	0
provided	0
with	0
mechanical	0
or	AGGR
natural	0
ventilation	0
in	0
compliance	0
with	0
other	0
subsections	0
of	0
this	0
code	0
