All	0
permitted	0
projecting	0
signs	0
may	0
be	0
constructed	0
to	0
project	0
not	COMP
more	COMP
than	COMP
10	SPATIAL
feet	SPATIAL
-LRB-	0
3048	0
mm	0
-RRB-	0
beyond	0
the	SPATIAL
street	0
line	0
,	0
but	AGGR
not	COMP
closer	COMP
to	0
the	SPATIAL
curb	0
line	0
than	COMP
2	SPATIAL
feet	SPATIAL
-LRB-	0
610	0
mm	0
-RRB-	0
,	0
when	0
conforming	0
to	0
the	SPATIAL
requirements	0
of	0
this	0
code	0
and	0
Section	0
H112	0
of	0
Appendix	0
H	0
,	0
and	0
provided	COND
that	COND
no	0
part	0
of	0
the	SPATIAL
sign	0
is	0
less	0
than	COMP
10	SPATIAL
feet	SPATIAL
-LRB-	0
3048	0
mm	0
-RRB-	0
above	0
the	SPATIAL
ground	SPATIAL
or	0
sidewalk	SPATIAL
level	SPATIAL
.	0
Exceptions	COND
:	0
Permanent	0
projecting	0
signs	0
are	0
prohibited	0
on	COND
buildings	0
in	0
the	SPATIAL
areas	0
indicated	0
below	0
:	0
