``	0
It	0
is	0
unlawful	COMP
to	0
transport	0
residential	0
or	0
commercial	0
garbage	0
in	AGGR
any	0
vehicle	0
within	0
the	0
confines	0
of	0
any	0
park	0
.	0
Garbage	0
shall	0
include	AGGR
,	0
but	0
not	0
be	0
limited	0
to	0
,	0
the	0
following	0
:	0
Dry	0
or	0
wet	0
fill	0
,	0
emptied	0
food	0
containers	0
,	0
metallic	0
machinery	0
parts	0
,	0
auto	0
parts	0
,	0
refuse	0
,	0
offal	0
,	0
vegetables	0
,	0
paper	0
,	0
dirt	0
,	0
remains	0
of	0
food	0
,	0
newspapers	0
,	0
filth	0
or	0
rubbish	0
.	0
This	0
Section	0
shall	0
not	0
apply	0
to	0
an	0
authorized	0
scavenger	0
service	0
which	0
is	0
servicing	0
any	0
facility	0
or	0
area	0
in	AGGR
any	0
park	0
.	0
''	0
