``	0
Fire	0
apparatus	0
access	0
roads	SPATIAL
shall	0
not	0
be	0
obstructed	0
in	AGGR
any	AGGR
manner	0
,	0
including	AGGR
the	0
parking	0
of	0
vehicles	0
.	0
Subject	0
to	0
Health	0
and	COND
Safety	0
Code	0
Sections	0
13104	0
,	0
13108	0
,	0
13114	0
,	0
18941.5	0
,	0
and	COND
California	0
Fire	0
Code	0
Sections	0
1.11.2	0
,	0
104.1	0
and	COND
503	0
,	0
the	0
portion	0
of	0
the	0
sidewalk	0
or	COND
median	0
,	0
immediately	0
adjoining	0
and	COND
extending	0
into	0
a	0
roadway	SPATIAL
that	0
has	0
no	0
utility	0
pole	0
,	0
street	0
light	0
,	0
street	0
furniture	0
,	0
fire	0
hydrant	0
,	0
trees	0
,	0
shrubbery	0
,	0
or	COND
other	0
structure	0
or	COND
natural	0
growth	0
attached	0
thereto	0
and	COND
that	0
has	0
a	0
height	0
that	0
does	0
not	0
exceed	0
six	0
inches	0
above	0
the	0
roadway	SPATIAL
shall	0
not	0
constitute	0
an	0
obstruction	0
of	0
a	0
fire	0
apparatus	0
access	0
road	SPATIAL
.	0
The	0
minimum	0
widths	0
and	COND
clearances	0
established	0
in	AGGR
Section	0
503.2.1	0
shall	0
be	0
maintained	0
at	0
all	0
times	0
.	0
''	0
