``	0
For	0
public	SPATIAL
works	SPATIAL
projects	SPATIAL
located	SPATIAL
outside	SPATIAL
Air	0
Pollutant	0
Exposure	0
Zones	0
,	AGGR
the	0
Contractor	0
shall	0
utilize	0
only	AGGR
off-road	0
equipment	0
and	0
off-road	0
engines	0
fueled	0
by	0
biodiesel	0
fuel	0
grade	0
B20	0
or	0
higher	0
and	0
utilize	0
only	AGGR
off-road	0
equipment	0
that	0
either	0
:	0
-LRB-	0
a	0
-RRB-	0
meets	0
or	0
exceeds	0
Tier	0
2	0
standards	0
for	0
off-road	0
engines	0
,	AGGR
or	0
-LRB-	0
b	SPATIAL
-RRB-	0
operates	0
with	0
the	0
most	0
effective	0
VDECS	0
.	0
''	0
