If	0
any	COND
lot	0
line	0
of	0
the	0
lot	0
-LSB-	0
of	0
a	0
fast	0
food	0
establishment	0
-RSB-	0
abuts	COMP
an	0
alley	0
containing	COMP
a	0
zone	0
district	0
boundary	0
line	0
for	0
a	0
Residence	SPATIAL
District	SPATIAL
,	0
a	0
continuous	0
brick	0
wall	0
at	0
least	0
six	0
feet	SPATIAL
-LRB-	0
6	SPATIAL
ft.	0
-RRB-	0
high	0
and	AGGR
twelve	0
inches	SPATIAL
-LRB-	0
12	SPATIAL
in	0
.	0
-RRB-	0
thick	0
shall	0
be	0
constructed	0
and	AGGR
maintained	0
on	COMP
the	0
lot	0
along	COMP
the	0
length	0
of	0
that	0
lot	0
line	0
.	0
The	0
brick	0
wall	0
shall	0
not	COND
be	0
required	0
in	0
the	0
case	0
of	0
a	0
building	0
that	0
extends	0
for	0
the	0
full	0
width	0
of	0
its	0
lot	0
.	0
