For	0
multiple	0
dwellings	0
,	0
there	0
shall	0
be	0
direct	0
access	0
from	0
the	AGGR
street	0
to	SPATIAL
every	0
rear	0
yard	0
through	0
a	0
noncombustible	0
2-hour	TEMPORAL
fire-resistance-rated	TEMPORAL
passage	0
either	AGGR
in	0
a	0
direct	0
line	0
or	0
through	0
a	0
court	0
,	0
except	COND
that	0
the	AGGR
passage	0
may	0
be	0
1-hour	TEMPORAL
fire-resistance-rated	TEMPORAL
for	0
dwellings	0
not	COMP
exceeding	COMP
three	SPATIAL
stories	SPATIAL
in	0
height	SPATIAL
and	AGGR
occupied	SPATIAL
by	0
not	COMP
more	COMP
than	COMP
two	SPATIAL
families	SPATIAL
on	0
any	SPATIAL
story	SPATIAL
.	SPATIAL
Such	0
passage	0
shall	0
be	0
at	0
least	COMP
36	SPATIAL
inches	SPATIAL
-LRB-	0
914	0
mm	0
-RRB-	0
in	0
clear	0
width	0
and	AGGR
7	SPATIAL
feet	SPATIAL
-LRB-	0
2134	0
mm	0
-RRB-	0
in	0
height	SPATIAL
.	SPATIAL
Exceptions	0
:	0
No	0
such	0
passage	0
shall	0
be	0
required	0
for	0
:	0
2	TEMPORAL
.	SPATIAL
Buildings	0
not	COMP
exceeding	COMP
three	SPATIAL
stories	SPATIAL
in	0
height	SPATIAL
,	0
and	AGGR
occupied	SPATIAL
by	0
not	COMP
more	COMP
than	COMP
one	SPATIAL
family	0
on	0
any	SPATIAL
story	SPATIAL
nor	AGGR
more	COMP
than	COMP
three	SPATIAL
families	SPATIAL
in	0
all	AGGR
.	SPATIAL
