Details	0
such	0
as	0
cornices	0
,	0
eaves	0
,	0
bases	0
,	0
sills	0
,	0
headers	0
,	0
band	0
course	0
,	0
opening	0
frames	0
,	0
rustications	0
,	0
applied	0
ornament	0
or	0
sculpture	0
,	0
grilles	0
,	0
windows	0
when	0
fully	0
open	0
,	0
air	0
conditioning	0
units	0
,	0
and	AGGR
other	0
similar	0
elements	0
may	0
be	0
constructed	0
:	0
-LRB-	0
see	0
above	0
-RRB-	0
Exceptions	COND
:	0
1	SPATIAL
.	0
Replacement	0
or	0
restoration	0
of	0
historical	0
architectural	0
details	0
that	0
are	0
,	0
or	0
were	0
,	0
located	0
more	COMP
than	COMP
10	SPATIAL
feet	SPATIAL
-LRB-	0
3048	0
mm	0
-RRB-	0
above	0
the	0
sidewalk	0
and	AGGR
that	0
project	SPATIAL
more	COMP
than	COMP
10	SPATIAL
inches	SPATIAL
-LRB-	0
254	0
mm	0
-RRB-	0
,	0
on	COND
existing	0
buildings	0
or	0
structures	0
designatedby	0
the	0
Landmarks	0
Preservation	0
Commission	0
,	0
may	0
be	0
permitted	0
provided	COND
they	0
do	COMP
not	COMP
exceed	COMP
the	0
historic	0
projections	0
and	AGGR
provided	COND
that	0
they	0
are	0
approved	0
by	0
the	0
Landmarks	0
Preservation	0
Commission	0
.	0
