Balconies	0
,	0
including	AGGR
railings	0
and	AGGR
supporting	0
brackets	0
,	0
no	0
parts	0
of	0
which	0
are	0
less	COMP
than	COMP
10	SPATIAL
feet	SPATIAL
-LRB-	0
3048	0
mm	0
-RRB-	0
above	SPATIAL
the	SPATIAL
ground	SPATIAL
or	0
sidewalk	SPATIAL
level	SPATIAL
,	0
may	0
be	0
constructed	0
to	0
project	0
not	0
more	COMP
than	COMP
2	SPATIAL
feet	SPATIAL
6	SPATIAL
inches	SPATIAL
-LRB-	0
762	0
mm	0
-RRB-	0
beyond	0
the	SPATIAL
street	SPATIAL
line	SPATIAL
.	0
When	COND
permitted	COND
by	0
the	SPATIAL
provisions	0
of	0
this	0
code	0
,	0
fire	0
escapes	0
that	0
are	0
part	0
of	0
a	0
required	0
exit	0
may	0
be	0
constructed	0
to	0
project	0
not	0
more	COMP
than	COMP
4	SPATIAL
feet	SPATIAL
6	SPATIAL
inches	SPATIAL
-LRB-	0
1372	0
mm	0
-RRB-	0
beyond	0
the	SPATIAL
street	SPATIAL
line	SPATIAL
provided	0
no	0
part	0
,	0
including	AGGR
any	0
movable	0
ladder	0
or	0
stair	0
,	0
is	0
lower	COMP
than	COMP
10	SPATIAL
feet	SPATIAL
-LRB-	0
3048	0
mm	0
-RRB-	0
above	SPATIAL
the	SPATIAL
ground	SPATIAL
or	0
sidewalk	SPATIAL
level	SPATIAL
when	TEMPORAL
not	0
in	0
use	TEMPORAL
.	0
