The	0
design	0
of	0
a	0
driveway	0
shall	0
fulfill	0
the	0
following	0
requirements	0
:	0
-LRB-	0
e	SPATIAL
-RRB-	0
All	0
alleys	0
are	0
required	0
to	0
have	0
a	0
minimum	COMP
width	0
of	0
twenty	0
feet	SPATIAL
-LRB-	0
20	SPATIAL
'	0
-RRB-	0
and	0
radius	0
at	0
curb	0
shall	0
be	0
ten	0
feet	SPATIAL
-LRB-	0
10	SPATIAL
'	0
-RRB-	0
.	0
Driveway	0
shall	0
not	0
be	0
located	0
within	COMP
sixteen	0
feet	SPATIAL
-LRB-	0
16	SPATIAL
'	0
-RRB-	0
of	0
another	0
driveway	0
or	AGGR
alley	0
;	0
