Natural	0
ventilation	0
shall	0
be	0
provided	0
by	0
openings	0
to	0
a	0
public	0
street	0
,	0
space	0
,	0
alley	0
,	0
park	0
,	0
highway	0
,	0
or	AGGR
right-of-way	0
;	0
or	AGGR
upon	0
a	0
yard	0
,	0
court	0
,	0
plaza	0
,	0
or	AGGR
space	0
above	0
a	0
setback	SPATIAL
where	COND
such	0
yard	0
,	0
court	0
,	0
plaza	0
,	0
or	AGGR
space	0
above	0
a	0
setback	SPATIAL
complies	0
with	0
Section	0
1206	0
.	0
No	0
suchopening	0
shall	0
be	0
on	COND
a	0
recess	0
of	0
less	COMP
than	COMP
6	SPATIAL
feet	SPATIAL
-LRB-	0
1829	0
mm	0
-RRB-	0
inwidth.Exceptions	0
:	0
1	0
.	0
Openings	0
providing	0
natural	0
ventilation	0
to	0
habitable	0
spaces	0
located	0
in	0
basements	0
or	AGGR
cellars	0
shall	0
also	AGGR
comply	0
with	0
the	0
applicable	0
provisions	0
of	0
Sections	0
27-2081	0
through	0
27-2087	0
of	0
the	0
New	0
YorkCity	0
Housing	0
Maintenance	0
Codeand	0
Sections26	0
-LRB-	0
8	0
-RRB-	0
and	0
34	0
of	0
the	0
New	0
York	0
State	0
MultipleDwelling	0
Law	0
.	0
