Sun	0
control	0
devices	0
constructed	0
in	SPATIAL
accordance	0
with	0
Section	0
3105	0
and	AGGR
supported	0
entirely	0
from	0
the	0
building	0
may	0
project	SPATIAL
beyond	COMP
the	0
street	0
line	0
not	COMP
more	COMP
than	COMP
2	SPATIAL
feet	SPATIAL
6	SPATIAL
inches	SPATIAL
-LRB-	0
762	0
mm	0
-RRB-	0
,	0
provided	COND
that	COND
no	COMP
part	0
of	0
the	0
sun	0
control	0
device	0
is	0
less	COMP
than	COMP
8	SPATIAL
feet	SPATIAL
-LRB-	0
2438	0
mm	0
-RRB-	0
above	SPATIAL
the	0
ground	SPATIAL
or	0
sidewalk	SPATIAL
level	0
.	0
Any	0
portion	0
of	0
a	0
sun	0
control	0
device	0
that	COND
is	0
located	SPATIAL
over	SPATIAL
a	0
sidewalk	SPATIAL
vault	SPATIAL
and	AGGR
is	0
more	COMP
than	COMP
10	SPATIAL
inches	SPATIAL
-LRB-	0
254	0
mm	0
-RRB-	0
beyond	COMP
the	0
street	0
line	0
and	AGGR
less	COMP
than	COMP
40	SPATIAL
feet	SPATIAL
above	SPATIAL
the	0
ground	SPATIAL
or	0
sidewalk	SPATIAL
shall	0
be	COMP
removable	0
or	0
retractable	0
to	0
less	COMP
than	COMP
10	SPATIAL
inches	SPATIAL
-LRB-	0
254	0
mm	0
-RRB-	0
beyond	COMP
the	0
street	0
line	0
