Details	0
such	0
as	0
cornices	0
,	0
eaves	0
,	0
bases	0
,	0
sills	0
,	0
headers	0
,	0
band	0
course	0
,	0
opening	0
frames	0
,	0
rustications	0
,	0
applied	0
ornament	0
or	COMP
sculpture	0
,	0
grilles	0
,	0
windows	0
when	0
fully	0
open	0
,	0
air	0
conditioning	0
units	0
,	0
and	AGGR
other	0
similar	0
elements	0
may	0
be	0
constructed	0
:	0
-LRB-	0
see	0
above	SPATIAL
-RRB-	0
2	0
.	0
New	0
architectural	0
details	0
on	COND
new	0
or	COMP
existing	0
buildings	0
,	0
additions	0
or	COMP
structures	0
subject	0
to	0
the	0
jurisdiction	0
of	0
the	0
