The	0
minimum	COMP
openable	0
area	SPATIAL
to	COMP
the	0
outdoors	0
shall	0
be	0
5	SPATIAL
percent	SPATIAL
of	SPATIAL
thefloor	0
area	SPATIAL
of	SPATIAL
the	0
habitable	0
space	0
being	0
ventilated.Every	0
opening	0
providing	0
required	0
natural	0
ventilation	0
shall	0
be	0
at	COMP
least	COMP
12	SPATIAL
square	SPATIAL
feet	SPATIAL
-LRB-	0
1.1	0
m2	0
-RRB-	0
of	SPATIAL
glazed	0
area	SPATIAL
,	0
providing	0
a	0
minimum	COMP
of	SPATIAL
6	SPATIAL
square	SPATIAL
feet	SPATIAL
-LRB-	0
0.56	0
m2	0
-RRB-	0
of	SPATIAL
openablearea.Exceptions	0
:	0
1	SPATIAL
.	SPATIAL
Where	0
fresh	0
air	0
is	0
furnished	0
in	0
any	COMP
habitable	0
room	0
or	0
space	0
by	0
mechanical	0
means	0
supplying	0
a	0
minimum	COMP
of	SPATIAL
40	SPATIAL
cubic	SPATIAL
feet	SPATIAL
per	SPATIAL
minute	SPATIAL
-LRB-	0
0.02	0
m3/s	0
-RRB-	0
,	0
the	0
free	0
openable	0
area	SPATIAL
of	SPATIAL
the	0
openings	0
may	0
be	0
reduced	COMP
to	COMP
2	SPATIAL
1/2	0
percent	SPATIAL
of	SPATIAL
the	0
floor	SPATIAL
area	SPATIAL
but	COND
each	0
such	0
opening	0
shall	0
provide	0
not	COMP
less	COMP
than	COMP
5	SPATIAL
1/2	0
square	SPATIAL
feet	SPATIAL
-LRB-	0
0.51	0
m2	0
-RRB-	0
of	SPATIAL
openable	0
area	SPATIAL
