The	0
minimum	COMP
openable	0
area	0
to	0
the	0
outdoors	0
shall	0
be	0
5	SPATIAL
percent	SPATIAL
of	SPATIAL
thefloor	0
area	0
of	SPATIAL
the	0
habitable	0
space	0
being	0
ventilated.Every	0
opening	0
providing	0
required	0
natural	0
ventilation	0
shall	0
be	0
at	0
least	COMP
12	SPATIAL
square	SPATIAL
feet	SPATIAL
-LRB-	0
1.1	0
m2	0
-RRB-	0
of	SPATIAL
glazed	0
area	0
,	0
providing	0
a	0
minimum	COMP
of	SPATIAL
6	SPATIAL
square	SPATIAL
feet	SPATIAL
-LRB-	0
0.56	0
m2	0
-RRB-	0
of	SPATIAL
openablearea	0
.	SPATIAL
Exceptions	0
:	0
2	SPATIAL
The	0
minimum	COMP
free	0
openable	0
area	0
of	SPATIAL
a	0
mullioned	0
casement	0
window	0
shall	0
be	0
5	SPATIAL
1/2	0
square	SPATIAL
feet	SPATIAL
-LRB-	0
0.51	0
m2	0
-RRB-	0
,	0
provided	COND
that	COND
the	0
minimum	COMP
ratio	0
of	SPATIAL
floor	SPATIAL
area	0
to	0
openable	0
area	0
is	0
met	0
