Storm	0
enclosures	0
projecting	0
not	COMP
more	COMP
than	COMP
18	SPATIAL
inches	SPATIAL
-LRB-	0
457	0
mm	0
-RRB-	0
beyond	COMP
the	TEMPORAL
street	0
line	0
may	0
be	0
permitted	0
during	0
the	TEMPORAL
period	TEMPORAL
between	0
November	TEMPORAL
15	TEMPORAL
and	TEMPORAL
the	TEMPORAL
following	TEMPORAL
April	TEMPORAL
15	TEMPORAL
.	0
Such	0
enclosures	0
shall	0
be	0
removed	0
at	0
the	TEMPORAL
end	0
of	0
this	0
period	TEMPORAL
.	0
Construction	0
of	0
storm	0
enclosures	0
must	0
comply	0
with	0
the	TEMPORAL
requirements	0
of	0
this	0
code	0
including	0
the	TEMPORAL
fire-resistance	0
rating	0
of	0
the	TEMPORAL
building	0
to	0
which	0
it	0
is	0
appurtenant	0
and	TEMPORAL
Chapter	0
11	0
of	0
this	0
code	0
.	0
