Pursuant	0
to	COND
Section	0
22357	0
and	AGGR
22358	0
of	0
the	COND
Vehicle	0
Code	0
,	COMP
the	COND
City	0
Council	0
hereby	0
determines	0
,	COMP
upon	0
the	COND
basis	0
of	0
engineering	0
and	AGGR
traffic	0
investigation	0
,	COMP
that	0
a	0
speed	0
greater	COMP
than	COMP
25	0
miles	SPATIAL
per	SPATIAL
hour	SPATIAL
would	0
be	0
reasonable	0
and	AGGR
safe	0
upon	0
the	COND
streets	0
designated	0
in	0
Section	0
80.81	0
of	0
this	0
chapter	0
which	0
are	0
otherwise	COND
subject	COND
to	COND
a	0
prima	0
facie	0
speed	0
limit	COMP
of	0
25	0
miles	SPATIAL
per	SPATIAL
hour	SPATIAL
under	0
the	COND
said	0
Vehicle	0
Code	0
,	COMP
and	AGGR
that	0
the	COND
maximum	COMP
limit	COMP
of	0
65	0
miles	SPATIAL
per	SPATIAL
hour	SPATIAL
is	COND
more	0
than	COMP
is	COND
reasonable	0
and	AGGR
safe	0
upon	0
the	COND
streets	0
designated	0
in	0
Section	0
80.81	0
,	COMP
which	0
are	0
otherwise	COND
subject	COND
to	COND
a	0
maximum	COMP
speed	0
limit	COMP
of	0
65	0
miles	SPATIAL
per	SPATIAL
hour	SPATIAL
under	0
the	COND
said	0
Vehicle	0
Code	0
.	0
The	0
Department	0
is	COND
hereby	0
authorized	0
and	AGGR
directed	0
to	COND
establish	0
appropriate	0
signs	0
giving	0
notice	0
of	0
the	COND
prima	0
facie	0
speed	0
limits	0
established	0
by	0
Section	0
80.81	0
.	0
When	0
signs	0
are	0
erected	0
giving	0
notice	0
thereof	0
,	COMP
the	COND
prima	0
facie	0
speed	0
limits	0
set	0
forth	0
in	0
Section	0
80.81	0
shall	0
be	0
in	0
effect	0
.	0
