Courts	0
more	COMP
than	COMP
two	SPATIAL
stories	SPATIAL
in	0
height	SPATIAL
shall	0
be	0
provided	0
with	0
a	0
horizontal	0
air	0
intake	0
at	0
the	0
bottom	0
not	0
less	0
than	COMP
10	SPATIAL
square	SPATIAL
feet	SPATIAL
-LRB-	0
0.93	0
m	COMP
-RRB-	0
in	0
area	0
and	AGGR
leading	0
to	SPATIAL
the	0
exterior	0
of	0
the	0
building	0
unless	COND
abutting	COMP
a	0
yard	0
or	0
public	0
way	0
.	0
Exception	COND
:	0
For	0
multiple	0
dwellings	0
more	COMP
than	COMP
two	SPATIAL
stories	SPATIAL
in	0
height	SPATIAL
,	0
an	0
air	0
intake	0
with	0
a	0
vertical	0
cross-sectional	0
area	0
of	0
21	SPATIAL
square	SPATIAL
feet	SPATIAL
-LRB-	0
1.95	0
m2	0
-RRB-	0
and	AGGR
a	0
least	COMP
minimum	COMP
dimension	0
of	0
3	0
feet	SPATIAL
-LRB-	0
914	0
mm	0
-RRB-	0
shall	0
be	0
provided	0
at	0
or	0
near	COMP
the	0
lowest	0
level	0
of	0
any	0
court	0
,	0
in	0
accordance	0
with	0
Section	0
26	0
-LRB-	0
7	0
-RRB-	0
-LRB-	0
a	0
-RRB-	0
of	0
the	0
New	0
York	0
State	0
Multiple	0
Dwelling	0
Law	0
