The	0
Mayor	0
of	0
the	0
District	0
of	0
Columbia	0
is	0
hereby	0
authorized	0
and	AGGR
directed	0
to	0
prepare	0
a	0
plan	0
for	0
the	0
extension	0
of	0
a	0
permanent	0
system	0
of	0
highways	0
over	0
all	0
that	0
portion	0
of	0
said	0
District	0
not	COMP
included	0
within	0
the	0
limits	0
of	0
the	0
Cities	0
of	0
Washington	0
and	AGGR
Georgetown	0
.	0
Said	0
system	0
shall	0
be	COMP
made	0
as	0
nearly	0
in	0
conformity	0
with	0
the	0
street	0
plan	0
of	0
the	0
City	0
of	0
Washington	0
as	0
the	0
Council	0
of	0
the	0
District	0
of	0
Columbia	0
may	0
deem	0
advisable	0
and	AGGR
practicable	0
.	0
The	0
highways	0
provided	0
in	0
such	0
plans	0
shall	0
not	COMP
in	0
any	0
case	0
be	COMP
less	COMP
than	COMP
90	SPATIAL
feet	SPATIAL
nor	AGGR
more	COMP
than	COMP
160	SPATIAL
feet	SPATIAL
wide	0
,	0
except	COND
in	0
cases	0
of	0
existing	0
highways	0
,	0
which	COND
may	0
be	COMP
established	0
of	0
any	0
width	0
not	COMP
less	COMP
than	COMP
their	0
existing	0
width	0
and	AGGR
not	COMP
more	COMP
than	COMP
160	SPATIAL
feet	SPATIAL
in	0
width	0
.	0
