Between	0
the	SPATIAL
hours	0
of	SPATIAL
7:00	TEMPORAL
a.m.	0
and	0
10:00	TEMPORAL
p.m.	0
,	0
in	SPATIAL
any	0
residential	SPATIAL
zone	SPATIAL
of	SPATIAL
the	SPATIAL
City	0
or	0
within	SPATIAL
500	SPATIAL
feet	SPATIAL
thereof	SPATIAL
,	0
no	0
person	0
shall	0
operate	0
or	0
cause	0
to	0
be	AGGR
operated	0
any	0
powered	0
equipment	0
or	0
powered	0
hand	0
tool	0
that	0
produces	0
a	0
maximum	COMP
noise	0
level	0
exceeding	0
the	SPATIAL
following	0
noise	0
limits	0
at	0
a	0
distance	0
of	SPATIAL
50	SPATIAL
feet	SPATIAL
therefrom	0
:	TEMPORAL
