``	0
It	0
shall	0
be	0
unlawful	COMP
for	0
any	AGGR
person	0
,	0
between	0
the	0
hours	0
of	0
8:00	0
p.m.	0
of	0
any	AGGR
day	0
and	0
7:00	0
a.m.	0
of	0
the	0
following	0
day	0
to	0
erect	0
,	0
construct	0
,	0
demolish	0
,	0
excavate	0
for	0
,	0
alter	0
or	0
repair	0
any	AGGR
building	0
or	0
structure	0
if	0
the	0
noise	0
level	0
created	0
thereby	0
is	0
in	0
excess	0
of	0
the	0
ambient	0
noise	0
level	0
by	0
5	0
dBA	0
at	0
the	0
nearest	0
property	0
plane	0
,	0
unless	0
a	0
special	0
permit	0
therefor	0
has	0
been	0
applied	0
for	0
and	0
granted	0
by	0
the	0
Director	0
of	0
Public	0
Works	0
or	0
the	0
Director	0
of	0
Building	0
Inspection	0
.	0
''	0
