``	0
Disposal	0
of	0
waste	0
material	0
at	0
a	0
dump	0
shall	0
be	0
by	0
the	0
fill	0
and	0
cover	0
or	0
the	0
cut	0
and	0
cover	0
method	0
and	0
shall	0
be	0
done	0
to	0
the	0
satisfaction	0
of	0
the	0
City	0
Engineer	0
...	0
All	0
voids	0
in	0
the	0
waste	0
material	0
shall	0
be	0
filled	0
with	0
earth	0
,	0
sand	0
or	0
other	0
inert	0
materials	0
,	0
free	0
of	0
pieces	0
of	0
rock	0
,	0
concrete	0
or	0
the	0
like	0
having	0
a	0
maximum	0
dimension	0
in	0
excess	0
of	0
six	0
inches	0
.	0
The	0
filling	0
shall	0
be	0
adequate	0
to	0
prevent	0
the	0
unobstructed	0
passage	0
of	0
rodents	0
in	0
the	0
fill	0
and	0
to	0
prevent	0
ventilation	0
that	0
would	0
permit	0
combustion	0
...	0
.	0
Firm	0
compaction	0
of	0
all	0
materials	0
placed	0
in	0
the	0
dump	0
shall	0
be	0
continually	0
effected	0
by	0
the	0
use	0
of	0
bulldozers	0
or	0
other	0
suitable	0
equipment	0
...	0
A	0
seal	0
of	0
inert	0
materials	0
,	0
of	0
the	0
kind	0
specified	0
in	0
the	0
paragraph	0
second	0
above	0
,	0
having	0
a	0
thickness	0
of	0
not	0
less	0
than	0
six	0
inches	0
after	0
compaction	0
shall	0
be	0
deposited	0
and	0
maintained	0
on	0
the	0
top	0
,	0
sides	0
and	0
face	0
of	0
the	0
dumped	0
waste	0
material	0
by	0
the	0
end	0
of	0
each	0
day	0
's	0
operations	0
.	0
''	0
