``	0
No	COMP
person	COMP
shall	COMP
park	0
any	AGGR
automobile	0
or	AGGR
any	AGGR
other	0
vehicle	0
,	0
including	0
a	0
horse	0
trailer	0
,	0
whether	0
attended	0
or	AGGR
unattended	0
,	0
in	0
any	AGGR
park	0
,	0
between	TEMPORAL
the	0
hours	0
of	0
10:00	0
p.m.	TEMPORAL
and	0
6:00	0
a.m.	TEMPORAL
except	COND
-LRB-	0
1	TEMPORAL
-RRB-	0
when	COND
attending	0
an	0
event	0
or	AGGR
function	0
authorized	0
by	0
the	0
Commission	0
or	AGGR
Executive	0
Director	0
,	0
and	0
then	0
only	0
when	COND
the	0
person	COMP
parks	0
the	0
vehicle	0
in	0
an	0
area	0
specifically	0
designated	0
for	0
such	0
parking	0
in	0
connection	0
with	0
said	0
event	0
or	AGGR
function	0
;	0
-LRB-	0
2	0
-RRB-	0
when	COND
such	0
parking	0
is	0
necessary	0
because	0
of	0
an	0
emergency	0
,	0
such	0
as	0
a	0
flat	0
tire	0
or	AGGR
other	0
mechanical	0
failure	0
,	0
in	0
which	0
case	0
the	0
vehicle	0
shall	COMP
not	0
be	TEMPORAL
parked	0
any	AGGR
longer	0
than	0
necessary	0
;	0
or	AGGR
-LRB-	0
3	0
-RRB-	0
when	COND
a	0
sign	0
is	0
posted	0
or	AGGR
notice	0
is	0
otherwise	0
provided	0
that	0
parking	0
is	0
permitted	0
in	0
a	0
designated	0
area	0
between	TEMPORAL
10:00	0
p.m.	TEMPORAL
and	0
6:00	0
a.m.	TEMPORAL
,	0
or	AGGR
some	0
portion	0
of	0
those	0
hours	0
.	TEMPORAL
''	0
