In	0
Group	0
I-1	SPATIAL
,	0
R-1	SPATIAL
,	0
or	AGGR
R-2	SPATIAL
occupancies	SPATIAL
,	0
all	COND
yards	0
and	AGGR
courts	0
shall	0
be	0
artificially	0
illuminated	0
with	0
a	0
minimum	0
intensity	0
of	0
not	0
less	COMP
than	COMP
1	SPATIAL
foot-candle	0
-LRB-	0
11	0
lux	0
-RRB-	0
measured	0
30	SPATIAL
inches	SPATIAL
-LRB-	0
762	0
mm	0
-RRB-	0
above	COMP
the	0
floor	0
of	0
the	0
lowest	0
level	0
of	0
such	0
yards	0
or	AGGR
courts	0
.	0
Exception	COND
:	0
Such	0
lighting	0
is	0
not	0
required	0
in	SPATIAL
an	0
inner	0
court	0
that	0
is	0
accessible	0
only	COND
from	0
the	0
interior	0
of	0
the	0
building	0
and	AGGR
to	0
which	0
access	0
is	0
restricted	0
for	0
clean-out	0
purposes	0
