Details	0
such	0
as	0
cornices	0
,	0
eaves	0
,	0
bases	0
,	0
sills	0
,	0
headers	0
,	0
band	0
course	0
,	0
opening	0
frames	0
,	0
rustications	0
,	0
applied	0
ornament	0
or	0
sculpture	0
,	0
grilles	0
,	0
windows	0
when	COND
fully	0
open	0
,	0
air	0
conditioning	0
units	0
,	0
and	0
other	0
similar	0
elements	0
may	0
be	SPATIAL
constructed	0
:	0
2	0
.	0
To	0
project	0
not	COMP
more	0
than	0
10	SPATIAL
inches	SPATIAL
-LRB-	0
254	0
mm	0
-RRB-	0
beyond	SPATIAL
the	0
street	SPATIAL
line	SPATIAL
when	COND
more	0
than	0
10	SPATIAL
feet	SPATIAL
-LRB-	0
3048	0
mm	0
-RRB-	0
above	SPATIAL
the	0
ground	SPATIAL
or	0
sidewalk	SPATIAL
level	SPATIAL
.	0
