ID,Requirement,City,Domain,Reference,Spatial,Temporal,Compare,Aggregation,Conditional,Probability,Other important?
1,heating oil at least 2 percent biodiesel by volume.,,,20,,,at least,,,,
2,#4 heating oil no more than 0.15% sulfur by weight,,,20,,,no more than,,,,
3,#2 heating oil no more than 0.0015% sulfur by weight,,,20,,,no more than,,,,
4,"Windows, skylights and sliding glass doors shall have an air infiltration rate of no more than 0.3 cfm per square foot (1.5 L/s/m2)",,,1,square foot,,no more than,per,,,
5,Swinging doors no more than 0.5 cfm per square foot (2.6 L/s/m2),,,1,square foot,,no more than,per,,,
6,All recessed luminaires shall be IC-rated and have an air leakage rate not more than 2.0 cfm (0.944 L/s).,,,1,,,not more than,,,,
7,Operate the system to maintain zone temperatures down to 55°F (13°C) or up to 85°F (29°C).,,,,,,"down to, up to",,or,,
8,The thermostat shall initially be programmed by the manufacturer with a heating temperature set point no higher than 70°F (21°C) and a cooling temperature set point no lower than 78°F (26°C).,,,,,,"no higher than, no lower than",,and,,
9,The total leakage shall be less than or equal to 4 cubic feet per minute (113.3 L/min) per 100 square feet (9.29 m2) of conditioned floor area where the air handler is installed at the time of the test.,,,,"per, conditioned floor area",minute,less than or equal to,,when,,
10,"Where the air handler is not installed at the time of the test, the total leakage shall be less than or equal to 3 cubic feet per minute (85 L/min) per 100 square feet (9.29 m2) of conditioned floor area.",,,,"per, conditioned floor area",,less than or equal to,,where,,
11,"three-year-aged solar reflectance of 0.55 and three-year-aged thermal emittance of 0.75,",,,12,,,,,,,
12,"Initial solar reflectance of 0.70, and initial thermal emittance of 0.75",,,12,,,,,,,
13,Three-year-aged solar reflectance indexed of 64 Initial solar reflectance indexed of 82”,,,12,,,,,,,
,,,,,,,,,,,
Environment:,,,,,,,,,,,
14,"“The engine, power and exhaust mechanism of each motor vehicle shall be equipped, adjusted and operated to prevent the escape of a trail of visible fumes or smoke for more than ten (10) consecutive seconds”",,,5,,ten consecutive seconds,"prevent, more than",each,,,
15,"“An emission into the atmosphere of odorous or other air pollutants from any source in any quantity and of any characteristic, and duration which is, or is likely to be injurious to the public health or welfare, or which interferes with the reasonable enjoyment of life and property is prohibited.”",,,5,,,prohibit,any,,,
16,"“[The Mayor] Shall establish and maintain a low-emissions vehicle program by adopting California emissions standards and compliance requirements applicable to vehicles of model year 2012, and each model year thereafter, pursuant to section 177 of the Clean Air Act, approved August 7, 1977 (91 Stat. 750; 42 U.S.C. § 7507)”",,,7,,,,and,,,
17,"“For public works projects located outside Air Pollutant Exposure Zones, the Contractor shall utilize only off-road equipment and off-road engines fueled by biodiesel fuel grade B20 or higher and utilize only off-road equipment that either: (a) meets or exceeds Tier 2 standards for off-road engines, or (b) operates with the most effective VDECS.”",,,17,public works projects located outside air pollutant exposure zones,,,"only, or",,,
18,"“It shall be unlawful for any person, between the hours of 8:00 p.m. of any day and 7:00 a.m. of the following day to erect, construct, demolish, excavate for, alter or repair any building or structure if the noise level created thereby is in excess of the ambient noise level by 5 dBA at the nearest property plane, unless a special permit therefor has been applied for and granted by the Director of Public Works or the Director of Building Inspection.”",,,17,,,unlawful,any,,,
,,,,,,,,,,,
Transportation,,,,,,,,,,,
19,"“limits vehicle idling to one minute adjacent to any school, pre-K to 12th grade, public or private, in the City of New York”",,,14,"school, pre-K to 12th grade, public or private, in the city of new york",one minute,"limit, to",any,,,
20,"prohibit sight-seeing buses from using bus lanes between the hours of 7:00 a.m. and 10:00 a.m. and between the hours of 4:00 p.m. 7:00 p.m. on weekdays. In addition, this bill would prohibit the Department of Transportation from authorizing any sight-seeing bus stops in bus lanes that would be used during those hours.”",,,19,,"between 7 a.m. and 10 a.m., between 4:00 p.m and 7:00 p.m., weekdays",Prohibit,and,,,
21,"No person shall stop, stand or park a vehicle on the roadway side of any vehicle stopped, standing or parked at the edge or curb of a street",,,15,"roadway side of any vehicle stopped, standing, parked at the edge or curb of a street",,No,or,,,
22,"“shall not be permitted within 50 feet of intersection,” except if it is deemed “not hazardous…not likely to create traffic congestion…unduly inhibit surface traffic or pedestrian flow”",,,21,within 50 feet of intersection,,shall not be permitted,,except,,
23,summary from District Department of Transportation “assessing the District work zone impacts on the traveling public across the various stages of all Federal-Aid Highway-funded projects”,,,13,,,,,,,
24,"“Members of Congress or the Council may park their vehicles in any available curb space in the District of Columbia, when…” various scenarios including vehicle displaying relevant registration tag and not in violation of certain limitations",,,9,available curb space,,,"any, and",when,,
25,“DDOT shall design sidewalks in a manner that preserves the health of existing trees wherever possible” “DDOT shall consider pervious materials for the design and construction of sidewalks whenever feasible”,,,13,,,,,"wherever, whenever",,
26,Priority Areas are areas that are marked for infrastructure and traffic improvement.,,,10,"areas, infrastructure, traffic improvement",,,and,,,
27,"“It is unlawful to transport residential or commercial garbage in any vehicle within the confines of any park. ""Garbage"" shall include, but not be limited to, the following: Dry or wet fill, emptied food containers, metallic machinery parts, auto parts, refuse, offal, vegetables, paper, dirt, remains of food, newspapers, filth or rubbish. This Section shall not apply to an authorized scavenger service which is servicing any facility or area in any park.”",,,17,,,unlawful,include,,,
28,"“No person shall park any automobile or any other vehicle, including a horse trailer, whether attended or unattended, in any park, between the hours of 10:00 p.m. and 6:00 a.m. except (1) when attending an event or function authorized by the Commission or Executive Director, and then only when the person parks the vehicle in an area specifically designated for such parking in connection with said event or function; (2) when such parking is necessary because of an emergency, such as a flat tire or other mechanical failure, in which case the vehicle shall not be parked any longer than necessary; or (3) when a sign is posted or notice is otherwise provided that parking is permitted in a designated area between 10:00 p.m. and 6:00 a.m., or some portion of those hours.”",,,17,,between 10 p.m. and 6 a.m.,No person shall,"or, any, or, and","except, when,when, when",,
29,"“The operation of a vehicle with gross weight in excess of 6,000 pounds on the Streets listed in Section 501(b), or the operation of a vehicle with unladen weight in excess of 18,000 pounds on any Street listed in Section 501(c) is a violation of Division I, Section 7.2.77”",,,17,"streets listed in section 501(b), street listed in section 501(c )",,,or,,,
,,,,,,,,,,,
,,,,,,,,,,,
Emergency,,,,,,,,,,,
30,NYC Authorized emergency vehicles may disregard 4 primary rules regarding traffic.,,,15,,,may?,,,,
31,"In case of fire, accident, or any emergency along the route of a vehicular funeral procession, any officer of the Police Department or member of the Fire Department is hereby authorized to divert the funeral procession around such fire, accident or other emergency, the provisions of Section 391 of this Article notwithstanding. The permittee shall immediately cease all efforts to direct traffic when directed to do so by such police officer or firefighter and shall not resume efforts to direct traffic along the route of the vehicular funeral procession until authorized to do so by such police officer or firefighter.”",,,17,,,,,,,
32,The HCHO should be 0.1mg per m3 within an hour,,,,,within an hour,,,,,
33,The PM10 should be 0.15 mg per m3 within 24 hours.,,,,,within 24 hour,,,,,
34,The toluene should be 0.2mg per m3 within an hour,,,,,within an hour,,,,,
35,The xylene should be 0.2mg per m3 within an hour,,,,,within an hour,,,,,
36,The C6H6 should be 0.1mg per m3 within an hour,,,,,within an hour,,,,,
37,The Benzo (a) pyrene should be 1 mg per m3 within 24 hours.,,,,,within 24 hour,,,,,
,,,,,,,,,,,
,,,,,,,,,,,
,,,,,,,,,,,
Public Safety,,,,,,,,,,,
38,"Construction shall be removed with chutes, buckets/hoists, or openings in floors.",,,2,floors,,shall,,,,
39,"“All obstructions on the street shall be protected by barricades, fencing, railing with flags, lights, and/or signs, placed at proper intervals and at prescribed hours “",,,2,street,,,,,,
40,walkways for pedestrians must be provided and be no less than 4 feet in width.,,,6,walkways,,"must, no less than",and,,,
41,“The Contractor shall at all times conduct the Work in such manner as to ensure the least possible obstruction to traffic. The safety and convenience of the general public and of the residents within the Project limits shall be provided for to the satisfaction of the Engineer.”,,,3,,at all time,,,,,
42,"a lot of numerical requirements on the width, height, and other measurements for pedestrian walkways",,,16,pedetrian walkways,,,,,,
43,"“The water distribution system shall be protected with anti-siphon devices, and air-gaps to prevent potable water system and equipment contamination.”",,,18,,,shall be,"and, and",,,
44,“Exhaust ducts shall be supported at intervals not to exceed 4 feet (1219 mm) and shall be secured in place. The insert end of the duct shall extend into the adjoining duct or fitting in the direction of airflow. Exhaust duct joints shall be sealed in accordance with Section M1601.4.1 and shall be mechanically fastened. Ducts shall not be joined with screws or similar fasteners that protrude more than 1/8 inch (3.2 mm) into the inside of the duct.”,,,4,exhaust duct,,"not to exceed ,shall be ,shall, shall be,shall not, more than","and, and",,,
45,"“No building shall be erected, altered, or raised in the District of Columbia in any manner so as to exceed in height above the sidewalk the width of the street, avenue, or highway in its front, increased by 20 feet; but where a building or proposed building confronts a public space or reservation formed at the intersection of 2 or more streets, avenues, or highways, the course of which is not interrupted by said public space or reservation, the limit of height of the building shall be determined from the width of the widest street, avenue, or highway. Where a building is to be erected or removed from all points within the boundary lines of its own lots, as recorded, by a distance at least equal to its proposed height above grade the limits of height for fireproof or noncombustible buildings in residence sections shall control, the measurements to be taken from the natural grades at the buildings as determined by the Mayor of the District of Columbia.”",,,7,building,,"no, shall be, to exceed, at least equal to","or, or, or","where, where",,
46,"“Disposal of waste material at a dump shall be by the fill and cover or the cut and cover method and shall be done to the satisfaction of the City Engineer…All voids in the waste material shall be filled with earth, sand or other inert materials, free of pieces of rock, concrete or the like having a maximum dimension in excess of six inches. The filling shall be adequate to prevent the unobstructed passage of rodents in the fill and to prevent ventilation that would permit combustion…. Firm compaction of all materials placed in the dump shall be continually effected by the use of bulldozers or other suitable equipment… A seal of inert materials, of the kind specified in the paragraph second above, having a thickness of not less than six inches after compaction shall be deposited and maintained on the top, sides and face of the dumped waste material by the end of each day's operations.”",,,17,,,,,,,
47,"“Fire apparatus access roads shall not be obstructed in any manner, including the parking of vehicles. Subject to Health and Safety Code Sections 13104, 13108, 13114, 18941.5, and California Fire Code Sections 1.11.2, 104.1 and 503, the portion of the sidewalk or median, immediately adjoining and extending into a roadway that has no utility pole, street light, street furniture, fire hydrant, trees, shrubbery, or other structure or natural growth attached thereto and that has a height that does not exceed six inches above the roadway shall not constitute an obstruction of a fire apparatus access road. The minimum widths and clearances established in Section 503.2.1 shall be maintained at all times.”",,,17,"roads, roadway",,,"any, including","and, or",,
48,"“Except as stated in the next paragraph, an approved air replenishment system shall be installed in all buildings having floors used for human occupancy located more than 75 feet (22,860 mm) above the lowest level of Fire Department vehicle access. This requirement shall apply for all buildings meeting this definition when the building permit application for construction was made after March 30, 2004.”",,,17,"buildings having floors used for human occupancy, , 75 feet above",,"shall be, more than, shall apply","all, all",except,,
49,Public schools with security staff present at least once a week,,,,public schools,once a week,at least,,,,
,,,,,,,,,,,
---CityResolver,,,,,,,,,,,
50,The noise level in the school area should always be less than 50db.,,,22,in the school area,,should always,,,,
51,The CO emission in an intersection should always be less than 40mg.,,,22,in an intersection,,should always,,,,
52,The waiting time of the traffic in an intersection should not be greater than certain threshold.,,,22,in an intersection,certain threshold,should not be greater than,,,,
53,An emergency vehicle should wait in an intersection for more than 10 seconds.,,,22,in an intersection,10 seconds,more than,,,,
54,No vehicle collision should occur.,,,22,,,"No, should",,,,
55,The number of vehicles in a street should never exceed its maximum vehicle capacity.,,,22,in a street,,should never,,,,
56,The traffic yield number in a street should not increase by certain threshold.,,,22,in a street,,should not,,,,
57,The number of pedestrians waiting in an intersection should not be greater than certain threshold.,,,22,in an intersection,,"should not, be greater than",,,,
58,Emergency vehicles should not be directed to a blocked lane or area.,,,22,"a blocked lane, area",,should not be,or,,,
59,The noise level in a street should always be less than 70 dB.,,,22,in a street,,"should always be, less than",,,,
60,The hydrocarbons (HC) emission in a lane should always be no more than 1 mg.,,,22,in a lane,,"should always be, no more than",,,,
61,The particulate matter (PMx) emission in a lane should always be no more than 0.2 mg.,,,22,in a lane,,"should always be, no more than",,,,
,,,,,,,,,,,
62,"""No person owning, leasing, occupying, having charge or control of any lot or premises, shall allow, keep or maintain any tree, bush or vegetation growing upon any lot or premises abutting any street or sidewalk or upon any street or sidewalk so that the limbs, twigs, leaves or parts of such tree, bush or vegetation interfere with or obstruct the free passage of pedestrians or vehicles along or upon said streets or sidewalks.""",LA,,1,"upon any lot or premises, abutting any street or sidewalk, upon any street or side walk, obstruct the free passage",,,or,,,
63,"""Trees or bushes greater than fifteen feet in height growing in or upon any premises or sidewalk shall be deemed to interfere with and obstruct the free passage of pedestrians or vehicles upon said streets and sidewalks within the meaning of this section unless the lower limbs, twigs or leaves of such trees or bushes are kept removed at all times so as to have a minimum clearance of: 1. 13 feet 6 inches over that portion of State highways and major streets improved, designed or ordinarily used for vehicular traffic;",LA,,1,"growing in or upon, interferewith, obstruct, feet, inches",,greater than,"or, and",,,
64,"Trees or bushes greater than fifteen feet in height growing in or upon any premises or sidewalk shall be deemed to interfere with and obstruct the free passage of pedestrians or vehicles upon said streets and sidewalks within the meaning of this section unless the lower limbs, twigs or leaves of such trees or bushes are kept removed at all times so as to have a minimum clearance of: 2. 11 feet over that portion of local streets improved, designed, or ordinarily used for vehicular traffic;",LA,,1,"feet, feet over",,greater than,"or, and",,,
65,"Trees or bushes greater than fifteen feet in height growing in or upon any premises or sidewalk shall be deemed to interfere with and obstruct the free passage of pedestrians or vehicles upon said streets and sidewalks within the meaning of this section unless the lower limbs, twigs or leaves of such trees or bushes are kept removed at all times so as to have a minimum clearance of: 
  3. 9 feet over the sidewalk and parkway area of all streets.""",LA,,1,"feet, feet over",,greater than,,,,
66,"""Pursuant to Section 22357 and 22358 of the Vehicle Code, the City Council hereby determines, upon the basis of engineering and traffic investigation, that a speed greater than 25 miles per hour would be reasonable and safe upon the streets designated in Section 80.81 of this chapter which are otherwise subject to a prima facie speed limit of 25 miles per hour under the said Vehicle Code, and that the maximum limit of 65 miles per hour is more than is reasonable and safe upon the streets designated in Section 80.81, which are otherwise subject to a maximum speed limit of 65 miles per hour under the said Vehicle Code. The Department is hereby authorized and directed to establish appropriate signs giving notice of the prima facie speed limits established by Section 80.81. When signs are erected giving notice thereof, the prima facie speed limits set forth in Section 80.81 shall be in effect. """,LA,,1,miles per hour,,"greater than, maximum limit",and,otherwise subject to,,
67,"LA Sec 91.5.301.1.4 ""The design and construction of new buildings and additions to existing buildings when constructed on or into slopes steeper than one unit vertical in three units horizontal (33.3% slope) shall comply with LAMC Subsection 91.1613.8. """,LA,,1,"unit vertical, unit horizontal",,steeper than,or,,,
68,"LA Sec 111.03 minimum ambient noise level table: ZONE A1, A2, RA, RE, RS, RD, RW1, RW2, R1, R2, R3, R4, and R5 -- DAY: 50 dB(A) NIGHT: 40 dB(A)",LA,,1,Zone,"Day, Night",minimum,,,,
69,"LA Sec 111.03 minimum ambient noise level table: ZONE P, PB, CR, C1, C1.5, C2, C4, C5, and CM -- DAY: 60 dB(A) NIGHT: 55 dB(A)",LA,,1,Zone,"Day, Night",minimum,,,,
70,"LA Sec 111.03 minimum ambient noise level table: ZONE M1, MR1, and MR2 -- DAY: 60 dB(A) NIGHT: 55 dB(A)",LA,,1,Zone,"Day, Night",minimum,,,,
71,LA Sec 111.03 minimum ambient noise level table: ZONE M2 and M3 -- DAY: 65 dB(A) NIGHT: 65 dB(A),LA,,1,Zone,"Day, Night",minimum,,,,
72,"LA Sec 112.05 Between the hours of 7:00 a.m. and 10:00 p.m., in any residential zone of the City or within 500 feet thereof, no person shall operate or cause to be operated any powered equipment or powered hand tool that produces a maximum noise level exceeding the following noise limits at a distance of 50 feet therefrom:
  
  (a) 75dB(A) for construction, industrial, and agricultural machinery including crawler-tractors, dozers, rotary drills and augers, loaders, power shovels, cranes, derricks, motor graders, paving machines, off-highway trucks, ditchers, trenchers, compactors, scrapers, wagons, pavement breakers, compressors and pneumatic or other powered equipment;",LA,,1,"residential zone, within 500 feet, 50 feet, thereof","7:00am, 10:00pm",maximum,between,,,
73,"Between the hours of 7:00 a.m. and 10:00 p.m., in any residential zone of the City or within 500 feet thereof, no person shall operate or cause to be operated any powered equipment or powered hand tool that produces a maximum noise level exceeding the following noise limits at a distance of 50 feet therefrom:
  (b) 75dB(A) for powered equipment of 20 HP or less intended for infrequent use in residential areas, including chain saws, log chippers and powered hand tools;",LA,,1,"residential zone, within 500 feet, 50 feet, thereof","7:00am, 10:00pm","maximum, less","or, including",,,
74,"Between the hours of 7:00 a.m. and 10:00 p.m., in any residential zone of the City or within 500 feet thereof, no person shall operate or cause to be operated any powered equipment or powered hand tool that produces a maximum noise level exceeding the following noise limits at a distance of 50 feet therefrom:
  (c) 65dB(A) for powered equipment intended for repetitive use in residential areas, including lawn mowers, backpack blowers, small lawn and garden tools and riding tractors;",LA,,1,"residential zone, within 500 feet, 50 feet, thereof","7:00am, 10:00pm",maximum,between,,,
75,"LA Sec 112.06 It shall be unlawful for any person to operate, play, or to permit the operation or playing of any radio, television receiver, phonograph, musical instrument, sound amplifying equipment, or similar device which produces, reproduces, or amplifies sound in any place of public entertainment at a sound level greater than 95dB(A) at any point that is normally occupied by a customer, unless a conspicuous and legible sign is located outside such place, near each public entrance, stating:
  
 “WARNING: SOUND LEVELS WITHIN MAY CAUSE HEARING IMPAIRMENT.”",LA,,1,any place of public entertainment,at any point,,"or,unless",,,
76,"""Details such as cornices, eaves, bases, sills, headers, band course, opening frames, rustications, applied ornament or sculpture, grilles, windows when fully open, air conditioning units, and other similar elements may be constructed: 1.To project not more than 4 inches (102 mm) beyond the street line when less than 10 feet (3048 mm) above the ground or sidewalk level.""",NYC,,3,"4 inches, 10 feet, above ground or sidewalk level",,no more than,,when less than,,
77,"Details such as cornices, eaves, bases, sills, headers, band course, opening frames, rustications, applied ornament or sculpture, grilles, windows when fully open, air conditioning units, and other similar elements may be constructed:2.To project not more than 10 inches (254 mm) beyond the street line when more than 10 feet (3048 mm) above the ground or sidewalk level.",NYC,,3,"10 inches, beyond street line, 10 feet, above ground or sidewalk level",,"not more than,",,when more than,,
78,"""Details such as cornices, eaves, bases, sills, headers, band course, opening frames, rustications, applied ornament or sculpture, grilles, windows when fully open, air conditioning units, and other similar elements may be constructed: (see above) Exceptions: 1. Replacement or restoration of historical architectural details that are, or were, located more than 10 feet (3048 mm) above the sidewalk and that project more than 10 inches (254 mm), on existing buildings or structures designatedby the Landmarks Preservation Commission, may be permitted provided they do not exceed the historic projections and provided that they are approved by the Landmarks Preservation Commission.""",NYC,,3,"10 feet, project, 10 inches,",,"do not exceed, more than,","or, and","Exceptions, provided",,
79,"""Details such as cornices, eaves, bases, sills, headers, band course, opening frames, rustications, applied ornament or sculpture, grilles, windows when fully open, air conditioning units, and other similar elements may be constructed: (see above)2. New architectural details on new or existing buildings, additions or structures subject to the jurisdiction of the 
 Landmarks Preservation Commission, that are more than 10 feet (3048 mm) above the sidewalk and that project more than 10 inches (254 mm) andno more than 3 feet (914 mm), may be permitted provided that the Landmarks Preservation Commission finds that the proposed detail is appropriate to the historic character of the historic district or landmarked building, structure or site.""",NYC,,3,"10 feet, above sidewalk, project, 10 inches",,more than,and,"Exceptions, provided",,
80,"""Marquees shall project nocloser to the curb line than 2 feet (610 mm).""",NYC,,3,"curb line, 2 feet, project",,no closer …than,,,,
81,"""Marquees shall be no thicker nor shall the fascia be higher than 3 feet (914 mm) when measured vertically from its lowest to its highest point""",NYC,,3,"3 feet, measured vertically",,no thicker nor…higher than,,,,
82,"""Flagpoles that are supported entirely from the building may be constructed to project not more than 18 feet (5486 mm) beyond the street line, but not closer than 2 feet (610 mm) to the curb line, provided that no part of the flagpole is less than 15 feet (4572 mm) above the ground or sidewalk level.""",NYC,,3,"18 feet, project, beyond street line, 2 feet, 15 feet,above the ground or sidewalk level",,"no more than, not closer than, less than",but,provided that,,
83,"""Light fixtures that are supported entirely from the building may be constructed to project not more than 2 feet (610 mm) beyond the streetline, provided no part of the fixture is less than 8 feet (2438 mm) above the ground or sidewalk level""",NYC,,3,"2 feet, 9 feet, project, above the ground or sidewalk level",,"no more than, less than, above",,provided that,,
84,"""All permitted projecting signs may be constructed to project not more than 10 feet (3048 mm) beyond the street line, but not closer to the curb line than 2 feet (610 mm), when conforming to the requirements of this code and Section H112 of Appendix H, and provided that no part of the sign is less than 10 feet (3048 mm) above the ground or sidewalk level. Exceptions:Permanent projecting signs are prohibited on buildings in the areas indicated below:""",NYC,,3,"10 feet, 2 feet, 10 feet, above the ground or sidewalk level",,"not more than, not closer, above",but,"Exceptions, provided that, no",,
85,"""When a building erected prior to December 6, 1969, is altered to provide access to individuals who use wheelchairs, ramps constructed to provide such access may, with the approval of the commissioner, project beyond the street line for a distance of not more than 44 inches (1118 mm). Ramps shall comply with the applicable provisions of Chapter 11.""",NYC,,3,"project, 44 inches","building is erected, prior to December 6 1969",beyond,,When,,
86,"""Storm enclosures projecting not more than 18 inches (457 mm) beyond the street line may be permitted during the period between November 15 and the following April 15. Such enclosures shall be removed at the end of this period. Construction of storm enclosures must comply with the requirements of this code including the fire-resistance rating of the building to which it is appurtenant and Chapter 11 of this code.""",NYC,,3,"18 inches,",period between November 15 and the following April 15,"not more than, beyond, between",,,,
87,"""Store front awnings may project beyond the street line not more than 8 feet (2438mm), provided no part of the awning is less than 8 feet (2438 mm) above the ground or sidewalk level, except for a flexible valance which may be not less than 7 feet (2134 mm) above the ground or sidewalk level, and provided that the awning box or cover does not project more than 12 inches (305 mm)""",NYC,,3,"project, 8 feet, 8 feet, 7 feet, 12 inches, above the ground or sidewalk level,",,"beyond, not more than, less than, not less than, more than",,"provided, provided that, except",,
88,"""Balconies, including railings and supporting brackets, no parts of which are less than 10 feet (3048 mm) above the ground or sidewalk level, may be constructed to project not more than 2 feet 6 inches(762mm) beyond the street line. When permitted by the provisions of this code, fire escapes that are part of a required exit may be constructed to project not more than 4 feet 6 inches (1372mm) beyond the street line provided no part, including any movable ladder or stair, is lower than 10 feet (3048 mm) above the ground or sidewalk level when not in use.""",NYC,,3,"10 feet, 2 feet 6 inches, above the ground or sidewalk level, beyond street line, 4 feet 6 inches, 10 feet,",when not in use,"less than, not more than, beyond, lower than","including, and, or",When permitted,,
89,"""Sun control devices constructed in accordance with Section 3105 and supported entirely from the building may project beyond the street line not more than 2 feet 6 inches (762 mm), provided that no part of the sun control device is less than 8 feet (2438 mm) above the ground or sidewalk level. Any portion of a sun control device that is located over a sidewalk vault and is more than 10 inches (254 mm) beyond the street line and less than 40 feet above the ground or sidewalk shall be removable or retractable to less than 10 inches (254 mm) beyond the street line""",NYC,,3,"project, 2 feet 6 inches, 8 feet, 10 inches, 40 feet, above ground or sidewalk, 10 inches, located over sidewalk vault",,"not more than, less than, more than, beyond,","and, or",provided that,,
90,"""Walls associated with conditioned basements shall be insulated from the top of the basement walldown to 10 feet (3048 mm) below grade or to the basement floor, whichever is less. Walls associated with unconditioned basements shall meet this requirement unless the floor overhead is insulated in accordance with Sections R402.1.2 and R402.2.8""",NYC,,4,"top, 10 feet below,",,"below, whichever is less",or,unless,,
91,"""Windows, skylights and sliding glass doors shall have an air infiltration rate of no more than 0.3 cfm per square foot (1.5 L/s/m2), and swinging doors no more than 0.5 cfm per square foot (2.6 L/s/m2), when tested according to NFRC 400 or AAMA/WDMA/CSA 101/I.S.2/A440 by an accredited, independent laboratory and listed and labeledby the manufacturer.Exception: Site-built windows, skylights and doors""",NYC,,4,"0.3 cfm per square foot, 0.5 cfm per square foot",,no more than,and,"when tested according to, exception",,
92,"""At least one thermostat shall be provided for each separate heating and cooling system.""",NYC,,4,,,at least,for each,,,
93,"""Not less than 75 percent of the lamps in permanently installed lighting fixtures shall be high-efficacy lamps or not less than 75 percent of the permanently installed lighting fixtures shall contain only high-efficacy lamps""",NYC,,4,75 percent,,"not less than, contain only",or,,,
94,"""In all buildings having individual dwelling units, provisions shall be made todetermine the electrical energy consumed by each unit by separately metering individual dwelling units""",NYC,,4,electrical energy consumed,,,,In all,,
95,"""All habitable spaces shall be provided with natural ventilation in accordance with Section 1203.4.1.2. Openings providing required natural ventilation to habitable spaces shall be windows and/or glazed doors.Exception:R-3 occupancies. Openable skylights opening directly to the outer air, transparent or translucent panels, or other natural light-transmitting media may be substituted for window openings in R-3 occupancies provided that they meet the minimum dimensional requirements of Section 1203.4.1.2.1.""",NYC,,5,R-3 occupancies,,,"and/or, or","All, exception, provided that",,
96,"""The minimum openable area to the outdoors shall be 5 percent of thefloor area of the habitable space being ventilated.Every opening providing required natural ventilation shall be at least 12 square feet (1.1 m2) of glazed area, providing a minimum of 6 square feet (0.56 m2) of openablearea.Exceptions:1.Where fresh air is furnished in any habitable room or space by mechanical means supplying a minimum of 40 cubic feet per minute (0.02 m3/s), the free openable area of the openings may be reduced to 2½ percent of the floor area but each such opening shall provide not less than 5½ square feet (0.51 m2) of openable area""",NYC,,5,"5 percent of floor area, 12 square feet, 6 square feet, 40 cubic feet per minute, 5.5 square feet",,"minimum, at least, any, not less than, reduced to",or,"every, but, exceptions",,
97,"""The minimum openable area to the outdoors shall be 5 percent of thefloor area of the habitable space being ventilated.Every opening providing required natural ventilation shall be at least 12 square feet (1.1 m2) of glazed area, providing a minimum of 6 square feet (0.56 m2) of openablearea. Exceptions: 2 The minimum free openable area of a mullioned casement window shall be 5½ square feet (0.51 m2), provided that the minimum ratio of floor area to openable area is met",NYC,,5,"5 percent of floor 12 square feet, square feet, 6 square feet, 5.5 square feet",,"minimum, at least,",,"every, exceptions, provided that",,
98,"""No part of any room shall be more than 30 feet (9144 mm) from a window opening onto a street or yard unless such room also opens onto a court complying with Section 1206.Exception:In dwelling units containing more than three habitable rooms in Group R-1 or R-2 occupancies in buildings of Type I or II construction, rooms may be greater than 30 feet (9144 mm) in depth provided that all other requirements of Section 1203.4.1.2 are met and that the required windows are so located as to properly light all portions of the room in accordance with Section 1205""",NYC,,5,"30 feet, R-1 occupancies, R-2 occupancies, Type I construction, Type 2 construction, 30 feet",,"more than, also, more than, greater than","or, and","no, unless, Exception, provided that",,
99,"""Natural ventilation shall be provided by openings to a public street, space, alley, park, highway, or right-of-way; or upon a yard, court, plaza, or space above a setback where such yard, court, plaza, or space above a setback complies with Section 1206. No suchopening shall be on a recess of less than 6 feet (1829 mm) inwidth.Exceptions:1.Openings providing natural ventilation to habitable spaces located in basements or cellars shall also comply with the applicable provisions of Sections 27-2081 through 27-2087 of the New YorkCity Housing Maintenance Codeand Sections26(8) and 34 of the New York State MultipleDwelling Law.""",NYC,,5,"6 feet, above a setback",,"above, less than","also, or","where, no, Exception,",,
100,"Natural ventilation shall be provided by openings to a public street, space, alley, park, highway, or right-of-way; or upon a yard, court, plaza, or space above a setback where such yard, court, plaza, or space above a setback complies with Section 1206. No suchopening shall be on a recess of less than 6 feet (1829 mm) inwidth.Exceptions: 2.A kitchenette, a bathroom, or a water closet compartment may be located on a recess of less than 6 feet (1829 mm)in width""",NYC,,5,"6 feet, above a setback",,"above, less than","also, or","where, no, Exception,",,
101,Interior spaces intended for human occupancy that are provided with air conditioning shall be provided with active or passive systems that are capable of maintaining 78°F (26°C) at 50-percent relative humidity when the outdoor air temperature is 89°F (32°C) and the coincident wet bulb temperature is 73°F (23°C). Interior spaces without air conditioning shall be provided with mechanical or natural ventilation in compliance with other subsections of this code,NYC,,5,"78 degrees F, 50 percent relative humidity, 89 degrees F, 73 degrees F",,,"or, and",when,,
102,"""For multiple dwellings, there shall be direct access from the street to every rear yard through a noncombustible 2-hour fire-resistance-rated passage either in a direct line or through a court, except that the passage may be 1-hour fire-resistance-rated for dwellings not exceeding three stories in height and occupied by not more than two families on any story. Such passage shall be at least 36 inches (914 mm) in clear width and 7 feet (2134 mm) in height. Exceptions: No such passage shall be required for:1.Buildings of Type IA or IB construction.",NYC,,5,"three stories in height, occupied... two families on any story, Type IA construction, Type IB construction, 36 inches, 7 feet","2-hour fire-resistance-rated, 1-hour fire-resistance-rated","not exceeding, not more than, at least","either, or","no, except, Exception",,
103,"""For multiple dwellings, there shall be direct access from the street to every rear yard through a noncombustible 2-hour fire-resistance-rated passage either in a direct line or through a court, except that the passage may be 1-hour fire-resistance-rated for dwellings not exceeding three stories in height and occupied by not more than two families on any story. Such passage shall be at least 36 inches (914 mm) in clear width and 7 feet (2134 mm) in height. Exceptions: No such passage shall be required for:2.Buildings not exceeding three stories in height, and occupied by not more than one family on any story nor more than three families in all.",NYC,,5,"three stories in height, occupied... two families on any story, occupied… one families on any story, 36 inches, 7 feet, three families","2-hour fire-resistance-rated, 1-hour fire-resistance-rated","not exceeding, not more than, at least, more than","either, or, and, in all, nor","no, except, Exception",,
104,"""For multiple dwellings, there shall be direct access from the street to every rear yard through a noncombustible 2-hour fire-resistance-rated passage either in a direct line or through a court, except that the passage may be 1-hour fire-resistance-rated for dwellings not exceeding three stories in height and occupied by not more than two families on any story. Such passage shall be at least 36 inches (914 mm) in clear width and 7 feet (2134 mm) in height. Exceptions: No such passage shall be required for:3. Buildings not exceeding two stories in height, and occupied by not more than two families on any story nor more than four families in all",NYC,,5,"three stories in height, two stories in height, occupied... two families on any story, 36 inches, 7 feet, four families","2-hour fire-resistance-rated, 1-hour fire-resistance-rated","not exceeding, not more than, at least, more than","either, or, and, in all, nor","no, except, Exception",,
105,Access shall be provided to the bottom of courts for cleaning purposes,NYC,,5,bottom of courts,,,,,,
106,"Courts more than two stories in height shall be provided with a horizontal air intake at the bottom not less than 10 square feet (0.93 m) in area and leading to the exterior of the building unless abutting a yard or public way. Exception: For multiple dwellings more than two stories in height, an air intake with a vertical cross-sectional area of 21 square feet (1.95 m2) and a least minimum dimension of 3 feet (914 mm) shall be provided at or near the lowest level of any court, in accordance with Section 26(7)(a) of the New York State Multiple Dwelling Law",NYC,,5,"two stories in height, 10 square feet,21 square feet, feet",,"more than, ot less than, abutting, a least minimum, near","and, or,","Exception, unless",,
107,"In Group I-1, R-1, or R-2 occupancies, all yards and courts shall be artificially illuminated with a minimum intensity of not less than 1 foot-candle (11 lux) measured 30 inches (762 mm) above the floor of the lowest level of such yards or courts. Exception: Such lighting is not required in an inner court that is accessible only from the interior of the building and to which access is restricted for clean-out purposes",NYC,,5,"I-1 occupancies, R-1 occupancies, R-2 occupancies, 1 foot, 30 inches,",,"above, not less than","or, and","not, Exception, all, only,",,
108,"In a dwelling unit, at least one habitable room shall have not less than 150 square feet (13.9 m) of net floor area",NYC,,5,150 square feet,,not less than,,at least,,
109,"No person shall make, continue or cause or permit to be made or continued any unreasonable noise[, except that this section shall not apply to any sound from any source where the decibel level of such sound is within the limits prescribed by another section of this title and where there is compliance with all other applicable requirements of aw with respect to such sound]. (b) Unreasonable noise shall include but shall not be limited to sound, attributable to any device that exceeds the following prohibited noise levels: (1) Sound, other than implusive sound, attributable to the source, measured at a level of 7 dB(A) or more above the ambient sound level at or after 10:00pm and before 7:00 am., as measured at any point within a receiving property or as measured at a distance of 15 feet or more from the source on a public right-of-way",NYC,,6,"15 feet, 7 db(A)","10:0pm, 7:00am,","exceeds, within, above, after, before, more","or, and, but, include","no, except, where, other than",,
110,"No person shall make, continue or cause or perit to be made or continued any unreasonable noise[, except that this section shall not apply to any sound from any source where the decibel level of such sound is within the limits prescribed by another section of this title and where there is compliance with all other applicable requirements of aw with respect to such sound]. (b) Unreasonable noise shall include but shall not be limited to sound, attributable to any device that exceeds the following prohibited noise levels: (2) Sound, other than implusive sound, attributable to the source, measured at a level of 10 dB(A) or more above the ambient sound level at or after 7:00am and before 10:00 pm., as measured at any point within a receiving property or as measured at a distance of 15 feet or more from the source on a public right-of-way",NYC,,6,"15 feet, 10 db(A)","10:00pm, 7:00am,","exceeds, within, above, after, before, more","or, and, but, include","no, except, where, other than",,
111,"No person shall make, continue or cause or perit to be made or continued any unreasonable noise[, except that this section shall not apply to any sound from any source where the decibel level of such sound is within the limits prescribed by another section of this title and where there is compliance with all other applicable requirements of aw with respect to such sound]. (b) Unreasonable noise shall include but shall not be limited to sound, attributable to any device that exceeds the following prohibited noise levels: (3) Impulsive sound, attributable to the source, measured at a level of 15 dB(A) or more above the ambient sound level, as measured at any point within a receiving property or as measured at a distance of 15 feet or more from the source on a public right-of-way. Impulsive sound levels shall be measured in the A-weighting network with the sound level meter set to fast response. The ambient ound level shall be taken in the A-weighting network with the sound level meter set to slow response",NYC,,6,"15 feet, 15 db(A)",,"exceeds, within, above, more","or, and, but, include","no, except, where, other than",,
112,"The Mayor of the District of Columbia is hereby authorized and directed to prepare a plan for the extension of a permanent system of highways over all that portion of said District not included within the limits of the Cities of Washington and Georgetown. Said system shall be made as nearly in conformity with the street plan of the City of Washington as the Council of the District of Columbia may deem advisable and practicable. The highways provided in such plans shall not in any case be less than 90 feet nor more than 160 feet wide, except in cases of existing highways, which may be established of any width not less than their existing width and not more than 160 feet in width.",DC,,7,"90 feet, 160 feet",,"not in any case be, more than, not less than, not more than","nor, and","in any case, which, except",,
113,"No public electric lamp shall be maintained by means of overhead wires within either the city limits of Washington or the existing fire limits of the District of Columbia as existing March 2, 1911.",DC,,8,,2-Mar-11,"within, limits","or,either, or",no,,
114,"A dog park shall be open seven (7) days per week during the posted hours for any Department park, except as provided by section 731.5.",DC,,9,,"7 days per week, posted hours",,,"except, for any",,
115,All dog parks shall be enclosed by appropriate fencing that is at least five (5) feet in height and includes a double-gated entryway area.,DC,,9,5 feet,,at least,"and, includes",all,,
116,A dog park with lighting shall not remain open later than 10 p.m.,DC,,9,,10:00 PM,,,not,,
117,The [gasoline service] station shall not be located within twenty-five feet (25 ft.) of a Residence District unless separated from the Residence District by a street or alley.,DC,,10,"25 feet, Residence District",,"within,separated",,"not, unless",,
118,The use [of bowling alleys] shall not be within twenty-five feet (25 ft.) of a Residence District unless separated from the Residence District by a street or alley.,DC,,11,"26 feet, Residence District",,"within,separated",,"not, unless",,
119,"If any lot line of the lot [of a fast food establishment] abuts an alley containing a zone district boundary line for a Residence District, a continuous brick wall at least six feet (6 ft.) high and twelve inches (12 in.) thick shall be constructed and maintained on the lot along the length of that lot line. The brick wall shall not be required in the case of a building that extends for the full width of its lot.",DC,,12,"Residence District, 6 feet, 12 inches,",,"abuts, containing, along,","and,","any, if, not,",,
120,"Except for person engaged in the noise-producing activities that are subject §§ 2702 through 2704, and §§ 2800 through 2807 of this subtitle, no person shall cause, suffer, or permit any sound that emanates from an operation, activity, or noise source under his or her control to exceed the maximum permissible sound level established in the following table as applicable for the time of day or night and the zoning location where the noise originates. For the purposes of this subsection, the source level shall be measured at the property line of the property on which the noise source is located or as close as is practicable if there is an obstruction. Sound levels shall be measured according to the test procedures prescribed by the administering agency established under § 2700: ZONE: Commericial or light-manufacturing zone - Maximum Noise Level: Daytime = 65 dB(A), Nighttime = 60 dB(A)",DC,,13,"Commericial or light-manufacturing zone, 65 dB(A), 60 db(A)","Daytime, Nighttime","exceed, as close as practicable, maximum","and, or","except, no, any,",,
121,"Except for person engaged in the noise-producing activities that are subject §§ 2702 through 2704, and §§ 2800 through 2807 of this subtitle, no person shall cause, suffer, or permit any sound that emanates from an operation, activity, or noise source under his or her control to exceed the maximum permissible sound level established in the following table as applicable for the time of day or night and the zoning location where the noise originates. For the purposes of this subsection, the source level shall be measured at the property line of the property on which the noise source is located or as close as is practicable if there is an obstruction. Sound levels shall be measured according to the test procedures prescribed by the administering agency established under § 2700: ZONE: Industrial zone - Maximum Noise Level: Daytime = 70 dB(A), Nighttime = 65 dB(A)",DC,,13,"Industrial Zone, 70 dB(A), 65 dB(A)","Daytime, Nighttime","exceed, as close as practicable, maximum","and, or","except, no, any,",,
122,"Except for person engaged in the noise-producing activities that are subject §§ 2702 through 2704, and §§ 2800 through 2807 of this subtitle, no person shall cause, suffer, or permit any sound that emanates from an operation, activity, or noise source under his or her control to exceed the maximum permissible sound level established in the following table as applicable for the time of day or night and the zoning location where the noise originates. For the purposes of this subsection, the source level shall be measured at the property line of the property on which the noise source is located or as close as is practicable if there is an obstruction. Sound levels shall be measured according to the test procedures prescribed by the administering agency established under § 2700: ZONE: Residenttial,special purpose, or waterfront zone - Maximum Noise Level: Daytime = 60 dB(A), Nighttime = 55 dB(A)",DC,,13,"Residential, special purpose, waterfront zone, 60 dB(A), 55 dB(A)","Daytime, Nighttime","exceed, as close as practicable, maximum","and, or","except, no, any,",,
123,"If the sound emanates from a source within an area for which the maximum permissible sound level has not been established, the maximum level shall be sixty (60) dB (A).",DC,,13,60 dB(a),,"maximum, within,",,"if, for which, not",,
124,"If a sound can be measured in a contiguous noise zone that has a more restrictive noise limitation than that from which the noise emanates, the sound level measurement at the zone line shall not exceed that established for the more restrictive zone.",DC,,13,noise zone,,"more restrictive than, not exceed",,"if, for which",,
125,Noise emanating from inside a motor vehicle shall be measured at a distance of not less than fifty feet (50 ft.) from the vehicle.,DC,,13,50 feet,,"not less than,",,,,
126,"After the effective time of the prohibition, no person shall park any vehicle or permit any vehicle to remain parked on a Snow Emergency Route; Provided, that if a fall of snow, sleet, or freezing rain occurs after 11:30 p.m., and prior to 7:00 a.m., and the Director has not announced, prior to 11:30 p.m., that parking on Snow Emergency Routes is prohibited after a specified time, a vehicle parked on a Snow Emergency Route may remain so parked until 7:00 a.m",DC,,14,Snow Emergency Route,"effective time of prohibition, 1:30pm, 7:00 am","after, prior to, until","or, and","no, any, provided that, if, not",,
127,"When stopping to load and unload school children along the roadway, a school bus driver shall pull as far to the right as is safe, at a place on the roadway where there is three hundred feet (300 ft.) or more of clear sight distance to the front and rear, and stop only for such time as is actually necessary to take on or discharge passengers.",DC,,15,300 feet,,"as far …as is safe, more, along",and,"when, only",,
128,"If no curb space is available within a reasonable distance, a passenger vehicle may stand parallel and as near as practicable to other parked vehicles, only long enough to take on passengers who are actually waiting at the curb or to leave off passengers.",DC,,15,,,"as near as practicable, only long enough","and, or","if, no",,
129,"Buses may have an overall width not to exceed eight feet, six inches (8 ft. 6 in.), if travel is restricted to a route approved by the Director.",DC,,16,"8 feet, 6 inches",,not to exceed,,if,,
130,"No passenger vehicle shall be operated on any public District highway, street, or road with any load carried on the vehicle extending laterally beyond the line of the fenders on the left side of the vehicle or extending laterally more than six inches (6 in.) beyond the line of the fenders on the right side.",DC,,16,6 inches,,"beyond,",or,no,,
131,"Tractor-trailer combinations may have an overall width not to exceed eight feet, six inches (8 ft 6 in.), if the tractor-trailer combination travels on a route, street, road, or highway specified in § 2511.",DC,,16,"8 feet, 6 inches",,"not to exceed,",or,if,,
132,The operator of each housing business shall keep exterior stairways and fire escapes painted.,DC,,17,,,,"and, each",,,
133,The operator of each housing business shall keep all public and exit corridors free of obstructions.,DC,,17,,,free of,and,all,,
134,"If the area to be repaired on a sidewalk on a street zoned R or SP in an historic district is twenty feet (20 ft.) or more in length and the full width of the sidewalk, the Department shall repair the sidewalk with brick on sand.",DC,,18,"zone R, zone SP, 20 feet",,more,"or,and",if,,
135,"When a lay-by is located adjacent to a travel lane intended for the movement of motor vehicle traffic, the lay-by shall be no more than ten feet (10 ft.) wide.",DC,,19,10 feet,,"adjacent to, no more than",,when,,
136,"When a lay-by is located adjacent to a travel lane intended for the movement of motor vehicle traffic, the combined width of the lay-by lane and the adjacent travel lane shall be no less than nineteen feet (19 ft.).",DC,,19,19 feet,,"adjacent to, no less than",and,when,,
137,"When a lay-by must be located adjacent to a parking lane to accommodate wider vehicles or to allow additional pedestrian maneuvering space on the traffic side of the vehicle, the lay-by shall be no more than three feet (3 ft.) wide.",DC,,19,"3 feet, measured vertically",,"adjacent to, no more than",or,when,,
138,The trees shall be planted to conform to the following requirements: (a) Trees shall be planted a minimum of forty feet (40') from the intersection of the radius tangent line and the curb and shall allow motorists and pedestrians to clearly view traffic control devices;,DC,,20,"40 feet,",,"from, minimum",and,,,
139,The trees shall be planted to conform to the following requirements:(b) Trees shall be planted a minimum of thirty feet (30') to forty feet (40') apart;,DC,,20,"30 feet, 40 feet",,"minimum, to, apart",,,,
140,"The trees shall be planted to conform to the following requirements:(c) Where necessary to avoid other fixed elements in the public space, trees may be planted a minimum of thirty feet (30') apart or a maximum of fifty feet (50') apart;",DC,,20,"30 feet, 50 feet",,"apart, minimum, maximum",or,where,,
141,"The trees shall be planted to conform to the following requirements:(d) On Massachusetts Avenue, trees shall be planted forty feet (40') apart with the second row of trees set back twenty feet (20') from the curb and staggered at even forty feet (40') intervals between curb trees;",DC,,20,"40 feet, 20 feet",,"between, apart, set back, from,",and,,,
142,The trees shall be planted to conform to the following requirements: (e) Trees shall be at least eight feet (8') from any building or utility vault;,DC,,20,"8 feet,",,,or,any,,
143,The trees shall be planted to conform to the following requirements: (f) Trees shall be at least fifteen feet (15') from a streetlight;,DC,,20,"15 feet,",,at least,,,,
144,The trees shall be planted to conform to the following requirements: (g) Trees shall be at least twelve feet (12') from any above grade building projection;,DC,,20,12 feet,,"above, at least,",,any,,
145,The trees shall be planted to conform to the following requirements: (h) Trees shall be at least ten feet (10') from a driveway or an alley;,DC,,20,"10 feet,",,"from, at least",,,,
146,The trees shall be planted to conform to the following requirements: (i) Trees shall be planted in the center of the tree space;,DC,,20,center of tree space,,,,,,
147,"The trees shall be planted to conform to the following requirements: (j) When planted, the size (caliper) of the tree shall be at least three inches (3"") to three and one half inches (3 1/2"");",DC,,20,"3 inches, 3.5 inches",,"at least, to",and,when,,
148,"The trees shall be planted to conform to the following requirements: (l) When planted, trees shall be supported by three wood stakes.",DC,,20,3 wood stakes,,,,when,,
149,The design of a driveway shall fulfill the following requirements: (a) Driveways and their aprons shall be poured concrete and flush with grade of sidewalk;,DC,,21,grade of sidewalk,,flush with,and,,,
150,The design of a driveway shall fulfill the following requirements: (b) Driveway shall be a minimum width of twelve feet (12') and a maximum width of twenty-five feet (25');,DC,,21,"12 feet, 25 feet,",,"minimum, maximum",and,,,
151,The design of a driveway shall fulfill the following requirements: (c) The radius for curb returns for driveways shall be six feet (6');,DC,,21,6 feet,,,,,,
152,The design of a driveway shall fulfill the following requirements: (d) There must be a minimum six feet (6') wide pedestrian safety island between two driveways that are more than twenty four feet (24') wide. This pedestrian island shall match the same material used for the sidewalk. It shall have a three feet (3') radius at the curb of the street;,DC,,21,"6 feet, 24 feet, 3 feet",,"minimum, more than, between, match,",,,,
153,The design of a driveway shall fulfill the following requirements: (e) All alleys are required to have a minimum width of twenty feet (20') and radius at curb shall be ten feet (10'). Driveway shall not be located within sixteen feet (16') of another driveway or alley;,DC,,21,"20 feet, 10 feet, 16 feet,",,"minimum, within,",or,,,
154,The design of a driveway shall fulfill the following requirements: (f) Driveway shall be at least eight feet (8') from the adjacent interior property line;,DC,,21,8 feet,,"from, adjacent, at least",,,,
155,The design of a driveway shall fulfill the following requirements: (g) Driveway shall be at least forty feet (40') from the point of the intersection of the two (2) street curbs;,DC,,21,"40 feet,",,"from, at least",,,,
156,The design of a driveway shall fulfill the following requirements: (i) Driveway shall have a maximum grade of twelve percent (12%) within the public space.,DC,,21,12% grade,,"within, maximum",,,,
157,"The standard streetlight fixtures for the Downtown Streetscape Area shall be the following: Streets: East-west streets except E, F, G and K Street, NW
 Fixture: No 16 Single Globe, forty feet (40') on center.
 Pattern: Staggered across the street.",DC,,22,"East-west streets, E Street, F Street, G Street, K Street, NW, 40 feet,",,"across, staggered",,,,
158,"The standard streetlight fixtures for the Downtown Streetscape Area shall be the following:Street: F Street, NW
 Fixture: Twin-25 with sconces, forty feet (40') on center.
 Pattern: Opposite across the street.",DC,,22,"F Street, NW, 40 feet",,"opposite, across",,,,
159,"The standard streetlight fixtures for the Downtown Streetscape Area shall be the following:Street: E and G Streets, NW
 Fixture: No. 16 Single Globe, forty feet (40') on center.
 Pattern: Opposite across the street.",DC,,22,"E Street,G Streets, NW",,"opposite, across",,,,
160,"The standard streetlight fixtures for the Downtown Streetscape Area shall be the following:Street: K Street east of 12th Street, NW
 Fixture: Twin-20, forty feet (40') on center.
 Pattern: Opposite across the street.",DC,,22,"K Street east of 12th Street, NW, 40 feet",,"opposite, across",,,,
161,"The standard streetlight fixtures for the Downtown Streetscape Area shall be the following:Street: K Street west of 12th Street, NW
 Fixture: No. 16 Single Globe along sidewalk and twin-20 in the median, forty feet (40') on center.
 Pattern: Staggered between the different fixtures on same side of street, opposite across the street.",DC,,22,"K Street west of 12th Street, NW, 40 feet",,"staggered, bteween, same side, opposite, across",,,,
162,"The standard streetlight fixtures for the Downtown Streetscape Area shall be the following:Streets: North-south streets 2nd to 6th Streets, NW, 10th, 12th and 15th Streets, NW
 Fixture: No. 16 Single Globe, sixty feet (60') on center.
 Pattern: Staggered across the street.",DC,,22,"North-south streets 2nd to 6th Streets, NW, 10th, 12th and 15th Streets, NW, 60 feet",,"staggered, across",,,,
163,"The standard streetlight fixtures for the Downtown Streetscape Area shall be the following:Streets: 7th, 8th and 9th Streets, NW
 Fixture: No. 16 Single Globe, forty feet (40') on center.
 Pattern: Opposite across the street.",DC,,22,"7th, 8th and 9th Streets, NW, 40 feet",,opposite across,,,,
164,"The standard streetlight fixtures for the Downtown Streetscape Area shall be the following:Street: 11th, 13th and 14th Streets, NW
 Fixture: No. 18 Single Globe, sixty feet (60') on center.
 Pattern: Staggered across the street.",DC,,22,,,,,,,
165,"The standard streetlight fixtures for the Downtown Streetscape Area shall be the following:Streets: Vermont, Indiana and New York Avenues, NW
 Fixture: Twin-20, forty feet (40') on center.
 Pattern: Opposite across the street",DC,,22,,,,,,,
166,"The standard streetlight fixtures for the Downtown Streetscape Area shall be the following:Streets: 16th Street, Massachusetts Avenue and New Jersey Avenue, NW
 Fixture: Twin-20, eighty feet (80') on center.
 Pattern: Opposite across the street",DC,,22,,,,,,,
167,"[The provisions of this section shall apply during the inaugural period.] No person shall, without proper authority, pass through, over, or under, or break down, cut, remove, injure, or destroy any rope or other barricade erected or placed by lawful authority; nor shall any person remove, injure, or in any way tamper with any light or sign placed upon any rope or barricade placed by lawful authority.",DC,,23,,,,,,,
168,"If, during the period from three (3) days prior to and including Inauguration Day, it becomes necessary for the Director of Public Works to declare no parking on streets designated as snow emergency routes in compliance with 18 DCMR §2417, parking shall be prohibited on the following streets:
 
 (a) Both sides of C Street, S.E., from New Jersey Avenue to Third Street;
 
 (b) Both sides of E Street, S.E., from South Capitol Street to Third Street;
 
 (c) Both sides of F Street, N.W., from Twenty-first Street to Twenty-third Street;
 
 (d) Both sides of G Street, N.W., from Twenty-first Street to Twenty-third Street; and
 
 (e) Both sides of H Street, N.W., from Twenty-first Street to Twenty-third Street.",DC,,24,,,,,,,
169,"Except as provided in §803.5, within the Inaugural Area and on the highways designated in this chapter, no vehicle shall be parked or left standing except when actually taking on or discharging passengers; or, in the case of commercial vehicles, while actually loading or unloading merchandise. Commercial vehicles, when engaged in loading or unloading merchandise, shall stop or stand in a position parallel with the curb.",DC,,24,,,,,,,
170,"The provisions of §803.4 shall not apply to taxicabs or sight-seeing vehicles that may occupy the stands established in the Inaugural Area for a period of five (5) days, including Inauguration Day. The provisions of §803.4 also shall not apply to any special stands as may be established within the Inaugural Area, except where the occupying of these stands will interfere with the formation or passage of any scheduled parade or ceremony, or with the free movement of traffic.",DC,,24,,,,,,,
171,"In all zones, the total gross floor area of all structures for community garden use may not exceed 1,000 square feet on any lot.",Seattle,,25,,,,,,,
172,"In all zones, structures for community garden use are limited to 12 feet in height, including any pitched roof.",Seattle,,25,,,,,,,
173,"Major marijuana activity is allowed in all other zones if the activity and site meet the following requirements: 2. Any lot line of property having a major marijuana activity must be 1,000 feet or more from any lot line of property on which any of the following uses as defined in WAC 314-55-010 is located: elementary school; secondary school; or playground;",Seattle,,25,,,,,,,
174,"Major marijuana activity is allowed in all other zones if the activity and site meet the following requirements:3. Any lot line of property having a major marijuana activity that includes the retail sale of marijuana products, except that in Downtown Mixed Residential and Downtown Mixed Commercial zones within that portion of the Downtown Urban Center that is west of Interstate 5, north of Yesler Way, and south of Denny Way major marijuana activity that includes the retail sale of marijuana products must be 250 feet or more, must be 500 feet or more from any lot line of property on which any of the following uses as defined in WAC 314-55-010 is established and operating: child care center; game arcade; library; public park; public transit center; or recreation center or facility;",Seattle,,25,,,,,,,
175,Major marijuana activity is allowed in all other zones if the activity and site meet the following requirements:4. Any lot line of property having a major marijuana activity that does not include the retail sale of marijuana products must be 250 feet or more from any lot line of property on which any of the following uses as defined in WAC 314-55-010 is established and operating: child care center; game arcade; library; public park; public transit center; or recreation center or facility;,Seattle,,25,,,,,,,
176,"Major marijuana activity is allowed in all other zones if the activity and site meet the following requirements: 5. No more than two properties with major marijuana activity that includes the retail sale of marijuana products are allowed within 1000 feet of each other; where any lot lines of two properties with existing major marijuana activity that includes the retail sale of marijuana products are located within 1000 feet of each other, any lot line of another property with a new major marijuana activity that includes the retail sale of marijuana products must be 1000 feet or more from the closest lot line of the property containing existing major marijuana activity that includes the retail sale of marijuana products;",Seattle,,25,,,,,,,
177,"All use and occupation of waterways, whether by permit or otherwise, shall be subject to the following terms and conditions: 1. An unobstructed channel of at least fifty (50) feet width must be preserved at all times; provided, that the Director of Transportation may authorize a lesser unobstructed channel when both sides of a waterway are owned or controlled through lease by the same person, firm, or corporation and said official finds it to be in the public interest.",Seattle,,26,,,,,,,
178,"All use and occupation of waterways, whether by permit or otherwise, shall be subject to the following terms and conditions: 2. All vessels or obstructions shall be anchored, moored or secured in such a manner as to minimize interference with navigation in the waterway, and shall be promptly removed upon order of the Chief of Police in the event clearance of the waterway be necessary for navigation or in an emergency.",Seattle,,26,,,,,,,
179,"The total outside width of any vehicle or load thereon shall not exceed eight and one-half (8½) feet; provided, that no rear vision mirror may extend more than five (5) inches beyond the extreme limits of the body; provided further, that excluded from this calculation of width are safety appliances such as clearance lights, rub rails, flexible fender extensions, mud flaps, and splash and spray suppressant devices, and appurtenances such as door handles, door hinges, and turning signal brackets and such other safety appliances and appurtenances as the Traffic Engineer may determine are necessary for the safe and efficient operation of motor vehicles, and provided further, that no appliances or appurtenances may extend more than two (2) inches beyond the extreme limits of the body. (RCW 46.44.010)",Seattle,,27,,,,,,,
180,No person shall operate any vehicle unladen or with load exceeding a height of fourteen (14) feet above the level surface upon which the vehicle stands provided that this height limitation shall not apply to authorized emergency vehicles or repair equipment of a public utility engaged in reasonably necessary operation.,Seattle,,27,,,,,,,
181,"It is unlawful for any person to operate upon the streets and alleys of the City any vehicle having an overall length, with or without load, in excess of 40 feet. This subsection 11.60.130.A does not apply to (1) a municipal transit vehicle, (2) an auto stage, private carrier bus, school bus, or motor home with an overall length not to exceed 46 feet, (3) an articulated auto stage with an overall length not to exceed 61 feet, excluding a bike rack up to four feet in length, or (4) an auto recycling carrier up to 42 feet in length manufactured prior to 2005.",Seattle,,27,,,,,,,
182,"Between the hours of 10 p.m. and 7 a.m. during weekdays, and between the hours of 10 p.m. and 9 a.m. on weekends and legal holidays, the exterior sound level limits established bySection 25.08.410 are reduced by 10 dB(A) where the receiving property lies within a residential district of the City.",Seattle,,28,,,,,,,
183,"For any source of sound that has a pure tone component, the exterior sound level limits established by this subchapter are reduced by 5 dB(A); provided, however, this 5 dB(A) reduction shall not be imposed on any electrical substation.",Seattle,,28,,,,,,,
184,"It is unlawful for any person to operate upon any highway any motor vehicle or any combination of motor vehicles under any conditions of grade, load, acceleration, or deceleration in such a manner that the motor vehicle's exhaust noise or engine noise:
 
 A. Exceeds 95 decibels as measured by the Society of Automotive Engineers (SAE) test procedure J1169 (May 1998);",Seattle,,28,,,,,,,
185,"It is unlawful for any person to operate upon any highway any motor vehicle or any combination of motor vehicles under any conditions of grade, load, acceleration, or deceleration in such a manner that the motor vehicle's exhaust noise or engine noise: B. Can be clearly heard by a person of normal hearing at least 75 feet away from the vehicle.",Seattle,,28,,,,,,,
186,No plat shall be approved by the Hearing Examiner covering any land situated in a flood control zone as provided in RCW Chapter 86.16 without the prior written approval of the State Department of Ecology.,Seattle,,29,,,,,,,
187,"No plat shall be approved by the Hearing Examiner covering any land situated in a riparian corridor, wetland and wetland buffer, or steep slope and steep slope buffer unless in compliance with the applicable provisions of Section 25.09.240, Short subdivisions and subdivisions, in environmentally critical areas.",Seattle,,29,,,,,,,
188,No plat shall be approved by the Hearing Examiner covering any land situated in the Shoreline District unless in compliance with Section 23.60A.156 and conformance to the applicable provisions of Section 23.60A.168.,Seattle,,29,,,,,,,